name,ticker,ca,amount,price,total_value,anti_whale_modifiable,buy_tax,can_take_back_ownership,cannot_buy,cannot_sell_all,creator_address,creator_balance,creator_percent,external_call,fake_token,hidden_owner,holder_count,honeypot_with_same_creator,is_airdrop_scam,is_anti_whale,is_blacklisted,is_honeypot,is_in_dex,is_mintable,is_open_source,is_proxy,is_true_token,is_whitelisted,lp_holder_count,lp_total_supply,note,other_potential_risks,owner_address,owner_balance,owner_change_balance,owner_percent,personal_slippage_modifiable,selfdestruct,sell_tax,slippage_modifiable,token_name,token_symbol,total_supply,trading_cooldown,transfer_pausable,trust_list
Wrapped BTC,WBTC,0x2260fac5e5542a773aa44fbcfedf7c193bc2c599,162.68962169,87741.0,14274550.1,False,0.0,False,False,False,0x8b41783ad99fcbeb8d575fa7a7b5a04fa0b8d80b,0.0,0.0,False,,False,121658.0,False,,False,False,False,True,True,True,False,,False,10.0,7320061073.950401,,,0xca06411bd7a7296d7dbdd0050dfc846e95febeb7,0.0,0.0,0.0,False,False,0.0,False,Wrapped BTC,WBTC,128915.05657878,False,True,True
Tether USD,USDT,0xdac17f958d2ee523a2206206994597c13d831ec7,11195273.789443,1.0,11195273.79,False,0.0,False,False,False,0x36928500bc1dcd7af6a2b4008875cc336b927d57,2243.250365,0.0,True,,False,1.0,False,,False,True,False,True,True,True,False,,False,10.0,4933154003144.578,,,0xc6cde7c39eb2f0f0095f41570af89efc2c1ea828,108983.76699,1.0,1e-06,False,False,0.0,True,Tether USD,USDT,75893458264.46202,False,True,True
stETH,stETH,0xae7ab96520de3a18e5e111b5eaab095312d7fe84,4980.30497976,2058.83,10253601.3,False,0.0,False,False,False,0xb8ffc3cd6e7cf5a098a1c92f48009765b24088dc,0.0,0.0,False,,False,512372.0,False,,False,False,False,True,False,True,True,,False,46.0,542.3059008278559,,,,,,,False,False,0.0,False,Liquid staked Ether 2.0,stETH,9349235.246611865,False,False,False
TRON,TRX,0x50327c6c5a14dcade707abad2e27eb517df87ab5,40718117.726575,0.229,9323186.7,False,0.0,False,False,False,0xd6d24c5c89001c02826127957d05535ffabe5c2c,0.5,0.0,False,,False,15763.0,False,,False,False,False,True,True,True,False,,False,4.0,16312801340800.768,,,,0.0,0.0,0.0,False,False,0.0,False,TRON,TRX,298676285.61119,False,False,False
Aave Ethereum USDC,aEthUSDC,0x98c23e9d8f34fefb1b7bd6a91b7ff122f4e16f5c,5018607.666573,0.9999,5018155.99,False,0.0,False,False,False,0xf71fc92e2949ccf6a5fd369a0b402ba80bc61e02,0.0,0.0,False,,False,8960.0,False,,False,False,False,False,False,True,True,,False,,,,,,,,,False,False,0.0,False,Aave Ethereum USDC,aEthUSDC,2802841799.749036,False,False,False
WhiteRock,WHITE,0x9cdf242ef7975d8c68d5c1f5b6905801699b1940,10000000000.0,0.0005,4636600.0,False,0.0,False,False,False,0x287ecebd1223e235b929217fe596c905a11752ae,0.0,0.0,False,,False,11733.0,False,,False,False,False,True,False,True,True,,False,3.0,41.4011603554507,,,,,,,False,False,0.0,False,WhiteRock,WHITE,1000000000000.0,False,False,False
Movement,MOVE,0x3073f7aaa4db83f95e9fff17424f71d4751a3073,7580835.84821112,0.5462,4140834.48,False,0.0001,False,False,False,0x3eb69ef2dbedd5d58aa5e074131cd22d5e87ff53,0.0,0.0,False,,False,22067.0,False,,False,False,False,True,False,True,True,,False,10.0,3433380810.3005276,,,,,,,False,False,0.0,False,Movement,MOVE,10000000000.0,False,False,False
USDC,USDC,0xa0b86991c6218b36c1d19d4a2e9eb0ce3606eb48,1275996.863079,0.9999,1275816.95,False,0.0,False,False,False,0x95ba4cf87d6723ad9c0db21737d862be80e93911,2394.339755,0.0,False,,False,2894715.0,False,,False,False,False,True,False,True,True,,False,10.0,34592163986969.574,,,,,,,False,False,0.0,False,USD Coin,USDC,39812466941.06016,False,False,True
Ondo,ONDO,0xfaba6f8e4a5e8ab82f62fe7c39859fa577269be3,342002.28055584,0.9463,323632.65,False,0.0,False,False,False,0xe2d0f9dcc81267c36a47d9e26adf479501124bbe,0.0,0.0,False,,False,128177.0,False,,True,False,False,True,False,True,False,,False,4.0,655.2491570866636,,,,0.0,0.0,0.0,False,False,0.0001,False,Ondo,ONDO,10000000000.0,False,True,False
SEI,SEI,0xbdf43ecadc5cef51b7d1772f722e40596bc1788b,1089231.77779216,0.2163,235572.51,False,0.0,False,False,False,0x35549e6ae2eb7cc984b80a75d099a6b868545332,0.0,0.0,False,,False,203.0,False,,False,False,False,True,False,True,False,,False,2.0,137.05703428678223,,,0x35549e6ae2eb7cc984b80a75d099a6b868545332,0.0,0.0,0.0,False,False,0.0001,False,SEI,SEI,48649758.376865,False,False,False
Colle AI,COLLE,0xC36983d3D9d379dDFB306DFB919099cB6730e355,192445051.577729,0.0003,60814.56,False,0.0,False,False,False,0xc5e2d298fc253d6c4f9121d6b212d638cc0f5ad2,0.0,0.0,False,,False,1851.0,False,,False,False,False,True,False,True,False,,False,2.0,25747.691739008496,,,,0.0,0.0,0.0,False,False,0.0001,False,Colle AI,COLLE,5000000000.0,False,False,False
GROK,GROK,0x8390a1DA07E376ef7aDd4Be859BA74Fb83aA02D5,5000000.0,0.0027,13465.06,False,0.0,False,False,False,0xf9387ac9f61cc22994a59a6008f827435ce744b6,1620435.443445183,0.000235,False,,False,21223.0,False,,False,True,False,True,False,True,False,,True,8.0,2.315017684933613,,,0x0000000000000000000000000000000000000000,0.0,0.0,0.0,False,False,0.0,False,GROK,GROK,6900000000.0,False,False,False
Wrapped Ether,WETH,0xc02aaa39b223fe8d0a0e5c4f27ead9083c756cc2,1.53053581,2059.2565,3151.77,False,0.0,False,False,False,0x4f26ffbe5f04ed43630fdc30a87638d53d0b0876,0.0042500000000001,0.0,False,,False,1400156.0,False,,False,False,False,True,False,True,False,,False,10.0,34.592163986969574,,,,0.0,0.0,0.0,False,False,0.0,False,Wrapped Ether,WETH,2825137.5751080387,False,False,True
Cryptex,CTX,0x321c2fe4446c7c963dc41dd58879af648838f98d,1047.0,2.1,2198.71,False,0.0,False,False,False,0x294cb241ebf6fe95bbb76071c7cda8dd62eb138e,0.0,0.0,False,,False,2820.0,False,,True,False,False,True,False,True,False,,False,15.0,142.38369409112065,,,0xa54074b2cc0e96a43048d4a68472f7f046ac0da8,2384180.659282159,0.0,0.238418,False,False,0.0,False,Cryptex,CTX,10000000.0,False,False,False
Rekt,REKT,0xdd3B11eF34cd511a2DA159034a05fcb94D806686,42069000000.0,0.0,1998.28,False,0.0,False,False,False,0xf7799d0fb06bcdd25e00b97ce29f1f229183eefb,0.0,0.0,False,,False,15184.0,False,,False,False,False,True,False,True,False,,False,10.0,217856077.7891907,,,0x0000000000000000000000000000000000000000,0.0,0.0,0.0,False,False,0.0,False,Rekt,REKT,420690000000000.0,False,False,False
SkaiToken,SKAI,0xCF078DA6e85389de507ceeDE0E3d217e457B9d49,175000.0,0.0108,1889.22,False,0.0001,False,False,False,0xa0a7f83b36c1014d4651f89fdbf01535fd0e0086,0.9225866,0.0,False,,False,4857.0,False,,False,False,False,True,False,True,False,,False,4.0,17.22407394291063,,,,0.0,0.0,0.0,False,False,0.0,False,SkaiToken,SKAI,1000000000.0,False,False,False
stake.link,SDL,0xa95c5ebb86e0de73b4fb8c47a45b792cfea28c23,3200.0,0.4874,1559.79,False,0.0,False,False,False,0x23c4602e63acfe29b930c530b19d44a84af0d767,38663.88253174031,0.000387,False,,False,626.0,False,,False,False,False,False,True,True,False,,False,1.0,5.513352478878307,,,0x0000000000000000000000000000000000000000,0.0,0.0,0.0,False,False,0.0,False,stake.link,SDL,100000000.0,False,False,False
BetProtocolToken,BEPRO,0xcf3c8be2e2c42331da80ef210e9b1b307c03d36a,5500000.0,0.0002,1089.06,False,0.0,False,False,False,0x78ee4544fae901dcd5bd19ffb8b69ae4523c750b,0.0,0.0,False,,False,9858.0,False,,False,False,False,True,False,True,False,,False,15.0,2725.12012203804,,,0x6714d41094a264bb4b8fcb74713b42cfee6b4f74,0.0,0.0,0.0,False,False,0.0,False,BetProtocolToken,BEPRO,10000000000.0,False,True,False
Ultimate Synthetic Delta Neutral,USDN,0xde17a000ba631c5d7c2bd9fb692efea52d90dee2,1027.2963126,1.0,1027.3,False,0.0,False,False,False,0x016215f9fe0f1d9920264c391c6a34b0912b7e8d,0.0,0.0,False,,False,213.0,False,,False,False,False,False,True,True,False,,False,,,,,,0.0,0.0,0.0,False,False,0.0,False,Ultimate Synthetic Delta Neutral,USDN,3363943.6171932523,False,False,False
Everybody,Hold,0x68b36248477277865c64dfc78884ef80577078f3,3100000.0,0.0002,664.76,False,0.0,False,False,False,0x49ef9545137a5668af12d8e171b4164d7152e88f,0.0,0.0,False,,False,2485.0,False,,False,False,False,True,False,True,False,,True,3.0,141582.4900692098,,,0x0000000000000000000000000000000000000000,0.0,0.0,0.0,False,False,0.0,False,Everybody,Hold,100000000000.0,False,False,False
Morpho Token,MORPHO,0x58d97b57bb95320f9a05dc918aef65434969c2b2,369.369,1.47,542.97,False,0.0001,False,False,False,0x937ce2d6c488b361825d2db5e8a70e26d48afed5,0.0,0.0,False,,False,9030.0,False,,False,False,False,True,False,True,True,,False,10.0,33745.00788872079,,,,,,,False,False,0.0,False,Morpho Token,MORPHO,1000000000.0,False,False,False
SmarDex Token,SDEX,0x5de8ab7e27f6e7a1fff3e5b337584aa43961beef,100000.0,0.0049,485.96,False,0.0,False,False,False,0xcaec63ce78a0d4dab2b5112295789a542a0fdaee,0.0,0.0,False,,False,7898.0,False,,False,False,False,True,False,True,False,,False,2.0,0.06446877933870872,,,,0.0,0.0,0.0,False,False,0.0,False,SmarDex Token,SDEX,10000000000.0,False,False,False
Donald Trump Inu,DTI,0x0880164084017b8d49Baa0A33F545aD55914E9Fd,3000000.0,0.0002,479.88,False,0.0,False,False,False,0x1c2e0d0cb9d69e518877d37527714c12e43ccebd,0.0,0.0,False,,False,817.0,False,,False,True,False,True,False,True,False,,True,2.0,1.207593258781244,,,0x0000000000000000000000000000000000000000,0.0,0.0,0.0,False,False,0.0,True,Donald Trump Inu,DTI,1000000000.0,False,True,False
Smart MFG,MFG,0x6710c63432a2de02954fc0f851db07146a6c0312,1000000.0,0.0005,470.21,False,0.0,False,False,False,0x1d1c9f70a68c129096d8181529041843e8bc1a30,0.0,0.0,False,,False,9931.0,False,,False,False,False,True,False,True,False,,False,10.0,70583.76715827036,,,,0.0,0.0,0.0,False,False,0.0,False,SyncFab Smart Manufacturing Blockchain,MFG,868459135.7414333,False,False,False
henlo,henlo,0x960fCE8724aA127184B6d13Af41a711755236c77,861992434503.564,0.0,435.79,False,0.0,False,False,False,0x6172f0ab84cd118ea8ea282a37178c34f86bf7e6,0.00454089,0.0,False,,False,7094.0,False,,False,False,False,True,False,True,False,,False,2.0,344.36021811655104,,,0x0000000000000000000000000000000000000000,0.0,0.0,0.0,False,False,0.0,False,henlo,henlo,210000000000000.0,False,False,False
LimeWire Token,LMWR,0x628a3b2e302c7e896acc432d2d0dd22b6cb9bc88,3734.79913104,0.099,369.93,False,0.0,False,False,False,0xe6a6831b2322837c0a268c35714d160d0238232a,20.0,0.0,False,,False,11946.0,False,,True,True,False,True,True,True,False,,True,3.0,5129.293456301552,,,0xe6a6831b2322837c0a268c35714d160d0238232a,20.0,0.0,0.0,False,False,0.0,False,LimeWire Token,LMWR,633045269.0,False,True,False
I love puppies,puppies,0xCF91b70017eABDE82c9671E30e5502D312eA6eb2,8555555554.0,0.0,346.42,False,0.0,False,False,False,0x6e66c1580d9be4d4a8ef0383da641ae2192169cd,0.0,0.0,False,,False,15475.0,False,,False,True,False,True,False,True,False,,True,20.0,189.3905820300918,,,0x0000000000000000000000000000000000000000,0.0,0.0,0.0,False,False,0.0,False,I love puppies,puppies,42069000000000.0,False,False,False
Uniswap,UNI,0x1f9840a85d5af5bf1d1762f925bdaddc4201f984,33.41986864,7.03,234.94,False,0.0,False,False,False,0x41653c7d61609d856f29355e404f310ec4142cfb,0.002758162612694493,0.0,False,,False,360473.0,False,,True,False,False,True,False,True,False,,False,10.0,1095936.2198167518,,,0x1a9c8182c09f50c8318d769245bea52c32be35bc,371505945.29,0.0,0.371506,False,False,0.0,False,Uniswap,UNI,1000000000.0,False,False,True
Bary,BARY,0x1764C07922A66cABbC79f99cE71565dDf430Bf58,10307080213013.7,0.0,227.16,False,0.0,False,False,False,0xe95af32227d083fc072e91fd1a06d4140a51c4ed,0.0,0.0,False,,False,285.0,False,,False,False,False,True,False,True,False,,False,2.0,4586338.408796281,,,,0.0,0.0,0.0,False,False,0.0,False,Bary,BARY,420690000000000.0,False,False,False
ParaSwap,PSP,0xcafe001067cdef266afb7eb5a286dcfd277f3de5,10021.13,0.0197,197.4,False,0.0,False,False,False,0x490ce4616672e93b1c8f5e43aa80312fd73dee8c,0.0,0.0,False,,False,4909.0,False,,True,False,False,True,True,True,False,,False,10.0,2123.5216738176655,,,0x5a61d9214adefd7669428a03a4e8734a00e9f464,172696802.98854715,0.0,0.086348,False,False,0.0,False,ParaSwap,PSP,2000000000.0,False,False,False
Optimus,OPTIMUS,0x562E362876c8Aee4744FC2c6aaC8394C312d215d,10000.0,0.0188,188.38,True,0.0,False,False,False,0x8fdc8d35c32a0b122dd5d22feb3167c833b99d2f,7987.235838315,8e-05,False,,False,11929.0,False,,True,True,False,True,False,True,False,,True,3.0,0.35806112301168286,,,0x8fdc8d35c32a0b122dd5d22feb3167c833b99d2f,7987.235838315,0.0,8e-05,False,False,0.0,True,Optimus,OPTIMUS,100000000.0,False,True,False
Dmail Network,DMAIL,0xcC6f1e1B87cfCbe9221808d2d85C501aab0B5192,1126.981,0.1216,137.01,False,0.0,False,False,False,0x28b3c90c440703152d2b0e550323a075c5bb0177,0.0,0.0,False,,False,255.0,False,,False,False,False,False,False,True,False,,False,,,Dmail does not have any privilegeminting funtions. But all users who use Dmail will participate in token mining.,,0x28b3c90c440703152d2b0e550323a075c5bb0177,0.0,0.0,0.0,False,False,0.0,False,Dmail Network,DMAIL,142442244.07090527,False,False,False
Handy Token,HANDY,0x8bbe1a2961B41340468D0548c2cd5B7DFA9b684c,102752.386,0.0013,135.34,False,0.0,False,False,False,0x1a50e48810e3762efe136581d6e5f06158fa981e,0.0,0.0,False,,False,4087.0,False,,False,False,False,True,False,True,False,,False,2.0,324.7907172318815,,,0x1a50e48810e3762efe136581d6e5f06158fa981e,0.0,0.0,0.0,False,False,0.0,False,Handy Token,HANDY,10000000000.0,False,False,False
Aave Token,AAVE,0x7fc66500c84a76ad7e9c93437bfc5ac33e2ddae9,0.63068278,187.01,117.94,False,0.0001,False,False,False,0x51f22ac850d29c879367a77d241734acb276b815,0.0,0.0,False,,False,184120.0,False,,False,False,False,True,False,True,True,,False,10.0,120159.9404049963,,,,,,,False,False,0.0,False,Aave Token,AAVE,16000000.0,False,False,False
Business Coin,BUSINESS,0xc06caead870d3a8af2504637b6c5b7248bed6116,20247.777777,0.0052,105.31,False,0.0,False,False,False,0xc0f4fae5d2738ce776d99240178899166e4a5263,0.0,0.0,False,,False,2043.0,False,,False,True,False,True,False,True,False,,True,2.0,0.2785105524167801,,,0x0000000000000000000000000000000000000000,0.0,0.0,0.0,False,False,0.0,False,Business Coin,BUSINESS,1000000000.0,False,False,False
Fantom Token,FTM,0x4e15361fd6b4bb609fa63c81a2be19d873717870,159.325,0.6228,99.23,False,0.0001,False,False,False,0xb00ab6203ebaae6b1debc411eda8f95fd17e74c5,0.0,0.0,False,,True,98586.0,False,,False,False,False,True,True,True,False,,True,10.0,47408.24805378627,,,0xb5c484af0c7a2946ebfb5d912a22a701fb8e3f70,65383409.34094162,0.0,0.030579,False,False,0.0,False,Fantom Token,FTM,2138153790.5899346,False,False,True
Andyman,ANDYMAN,0x68aaa0D94eA163B9BBf659Dc3766dEFB4c0Ac7BE,200125.0,0.0005,93.01,False,0.0,False,False,False,0xa95fc4a94cde219cd3434363b7d28f97fec87222,0.0,0.0,False,,False,649.0,False,,False,False,False,True,False,True,False,,True,2.0,0.8774964387392122,,,0x0000000000000000000000000000000000000000,0.0,0.0,0.0,False,False,0.0,False,Andyman,ANDYMAN,1000000000.0,False,False,False
Stake DAO Token,SDT,0x73968b9a57c6e53d41345fd57a6e6ae27d6cdb2f,300.13,0.2911,87.35,False,0.0,False,False,False,0xb36a0671b3d49587236d7833b01e79798175875f,0.0,0.0,False,,False,4092.0,False,,False,False,False,True,True,True,False,,False,78.0,1892.2273563542906,,,0xfea5e213bbd81a8a94d0e1edb09dbd7ceab61e1c,111721.37739313781,0.0,0.00168,False,False,0.0,False,Stake DAO Token,SDT,66482094.55824983,False,False,False
0xBitcoin Token,0xBTC,0xb6ed7644c69416d67b522e20bc294a9a9b405b31,1600.0,0.0495,79.17,False,0.0003,False,False,False,0x5294b9f7a71a97b703fa04ba3a415c8a136bdeb1,17.38,1e-06,False,,False,8282.0,False,,False,False,False,True,False,True,False,,False,10.0,395358220.2861663,,,0x9c875cd04abfa2bd0461c9baf42059913f6e7150,0.0,0.0,0.0,False,False,0.0,False,0xBitcoin Token,0xBTC,20998852.04906835,False,False,False
Telcoin,TEL,0x467Bccd9d29f223BcE8043b84E8C8B282827790F,8448.85,0.0065,54.82,False,0.0,False,False,False,0x8cfc6503612afa1feaf5738bd91b7a8772fd6b65,0.0,0.0,False,,False,54935.0,False,,False,False,False,True,False,True,False,,False,10.0,41905008129769.94,,,,0.0,0.0,0.0,False,False,0.0,False,Telcoin,TEL,100000000000.0,False,False,False
Curve DAO Token,CRV,0xD533a949740bb3306d119CC777fa900bA034cd52,98.89521045,0.5539,54.78,False,0.0,False,False,False,0xc4ad0ef33a0a4dda3461c479ccb6c36d1e4b7be4,0.0,0.0,False,,False,90938.0,False,,False,False,False,True,True,True,False,,False,10.0,5360.03531059466,,,,,0.0,,False,False,0.0,False,Curve DAO Token,CRV,2241445151.591634,False,False,False
Butterfly Ai,FLY,0x27c78a7c10a0673c3509ccf63044aab92e09edac,50000.0,0.001,47.86,True,0.0,False,False,False,0x0478aa0f766bbcfd0882ad8ae5df5f0531f06065,84967.69255803486,0.008497,False,,False,472.0,False,,True,False,False,True,False,True,False,,True,3.0,3872.983346207417,,,0x0000000000000000000000000000000000000000,0.0,0.0,0.0,False,False,0.0,False,Butterfly Ai,FLY,10000000.0,False,False,False
Balancer,BAL,0xba100000625a3754423978a60c9317c58a424e3d,23.67318978,1.54,36.46,False,0.0,False,False,False,0x24a12fa313f57af541d447c594072a992c605dcf,0.0,0.0,False,,False,49066.0,False,,False,False,False,True,True,True,False,,False,78.0,44.76114302412079,,,,0.0,0.0,0.0,False,False,0.0,False,Balancer,BAL,67688443.06930922,False,False,True
Polygon Ecosystem Token,POL,0x455e53CBB86018Ac2B8092FdCd39d8444aFFC3F6,114.03137838,0.2447,27.91,False,0.0,False,False,False,0xb8d66fb00061378afd77c5c22e47cff9c57ca62f,0.0,0.0,False,,True,49896.0,False,,False,False,False,True,True,True,False,,False,10.0,32936.158424759284,,,,0.0,0.0,0.0,False,False,0.0,False,Polygon Ecosystem Token,POL,10390381896.029568,False,True,False
WorldMobileToken,WMTX,0xDBB5Cf12408a3Ac17d668037Ce289f9eA75439D7,100.0,0.2093,20.93,False,0.0,False,False,False,0xf4e55757cae99b8be73f345b7353c34f2c5dc161,869.0,1e-06,False,,False,1739.0,False,,False,False,False,True,True,True,False,,False,2.0,264522133813.00867,,,,0.0,0.0,0.0,False,False,0.0,False,WorldMobileToken,WMTX,1135827964.111494,False,False,False
TITAN X,TITANX,0xF19308F923582A6f7c465e5CE7a9Dc1BEC6665B1,128000000.0,0.0,20.32,False,0.0,False,False,False,0x10129f3fe44dd32745d6e64e5d84cb84a524f114,3186300500.0,3e-05,False,,False,19958.0,False,,False,False,False,True,True,True,False,,False,8.0,1053757.76988275,,,,0.0,0.0,0.0,False,False,0.0,False,TITAN X,TITANX,105824422256787.94,False,False,False
HEX,HEX,0x2b591e99afe9f32eaa6214f7b7629768c40eeb39,11730.0,0.0016,18.39,False,0.0,False,False,False,0x896f23373667274e8647b99033c2a8461ddd98cc,0.0,0.0,False,,False,336115.0,False,,False,False,False,True,True,True,False,,False,164.0,0.0844342119455724,,,,0.0,0.0,0.0,False,False,0.0,False,HEX,HEX,41661177743.5473,False,False,True
Ethereum Name Service,ENS,0xc18360217d8f7ab5e7c516566761ea12ce7f9d72,1.0,18.2,18.2,False,0.0,False,False,False,0x0904dac3347ea47d208f3fd67402d039a3b99859,0.0,0.0,False,,False,65486.0,False,,False,False,False,True,True,True,False,,False,5.0,462.57988345921984,,,0xfe89cc7abb2c4183683ab71653c4cdc9b02d44b7,9811035.596630147,0.0,0.09811,False,False,0.0001,False,Ethereum Name Service,ENS,100000000.0,False,False,True
Starknet Token,STRK,0xca14007eff0db1f8135f4c25b34de49ab0d42766,100.0,0.1818,18.18,False,0.0,False,False,False,0xf28f34b4e8983ee4422538bb0b4aa36d6e7d8130,0.0,0.0,False,,False,23093.0,False,,False,False,False,True,True,True,False,,False,2.0,296.6568914404888,,,,0.0,0.0,0.0,False,False,0.0,False,StarkNet Token,STRK,10007800000.0,False,False,False
ELA on Ethereum,ELA,0xe6fd75ff38Adca4B97FBCD938c86b98772431867,10.59722952,1.6331,17.31,False,0.0001,False,False,False,0xb7a42ba759ad21bdf543749f8c1b15e9c7a2a5c7,0.0,0.0,False,,False,2041.0,False,,False,False,False,True,True,True,False,,False,4.0,12735.868303437683,,,0x88723077663f9e24091d2c30c2a2ce213d9080c6,0.0,0.0,0.0,False,False,0.0,False,ELA on Ethereum,ELA,5106491.39887724,False,False,False
Groyper,Groyper,0x6942806d1b2d5886d95ce2f04314ece8eb825833,6444.0,0.0024,15.17,True,0.0,False,False,False,0xb7fb9f868b0cad5f8e8fa99278d12e0cd2425e1c,0.718152516518,0.0,False,,False,2845.0,False,,True,False,False,True,False,True,False,,False,2.0,9643.650760992956,,,0x0000000000000000000000000000000000000000,0.0,0.0,0.0,False,False,0.0,True,Groyper,Groyper,100000000.0,False,False,False
dancing triangle,triangle,0x9A594F5ed8D119B73525dfE23aDBCeCa77fD828D,69420.0,0.0002,13.43,False,0.0,False,False,False,0x9f63692895d66b9ae549f78d602cabb884272902,1697996.6448434775,0.001698,False,,False,1200.0,False,,True,False,False,True,False,True,False,,False,1.0,28284.2712474619,,,0x0000000000000000000000000000000000000000,0.0,0.0,0.0,False,False,0.0,True,dancing triangle,triangle,1000000000.0,False,True,False
Everclear,NEXT,0xfe67a4450907459c3e1fff623aa927dd4e28c67a,200.0,0.0621,12.42,False,0.0,False,False,False,0xb82119772ded0318b1930c6ed45bc4bcd3009cff,0.0,0.0,False,,False,3427.0,True,,False,False,False,False,True,True,False,,False,1.0,0.000580456915308773,,,0x4d50a469fc788a3c0cdc8fd67868877dcb246625,7672066.6493125055,0.0,0.007672,False,False,0.0,False,Connext,NEXT,1000000000.0,False,False,False
ConstitutionDAO,PEOPLE,0x7a58c0be72be218b41c608b7fe7c5bb630736c71,499.0,0.0187,9.33,False,0.0001,False,False,False,0xee2ebccb7cdb34a8a822b589f9e8427c24351bfc,0.0,0.0,False,,False,18660.0,False,,False,False,False,True,True,True,False,,False,10.0,30632.45330248972,,,0xee2ebccb7cdb34a8a822b589f9e8427c24351bfc,0.0,1.0,0.0,False,False,0.0,False,ConstitutionDAO,PEOPLE,5066438921.357176,False,False,False
ChainLink Token,LINK,0x514910771af9ca656af840dff83e8264ecf986ca,0.52734191,15.82,8.34,False,0.0,False,False,False,0xf55037738604fddfc4043d12f25124e94d7d1780,0.05225069885309716,0.0,False,,False,748952.0,False,,False,False,False,True,False,True,False,,False,10.0,1436047.1737193111,,,,0.0,0.0,0.0,False,False,0.0,False,ChainLink Token,LINK,1000000000.0,False,False,True
NEAR,NEAR,0x85f17cf997934a597031b2e18a9ab6ebd4b9f6a4,2.59532841,3.04,7.89,False,0.0001,False,False,False,0x015e634c7c1311a9034220c28d3d12b7f710a3b1,0.0,0.0,False,,False,8049.0,False,,False,False,False,True,False,True,True,,False,3.0,0.00013645246092024768,,,0x2468603819bf09ed3fb6f3efeff24b1955f3cde1,,,,False,False,0.0,False,NEAR,NEAR,2567149.991000796,False,False,False
Dogcoin,DCOIN,0xf1bb41f9ed87e6c7e1f70e921b7b4bee1df7ae9c,10000.0,0.0007,6.89,False,0.0,False,False,False,0x1d69fb86c89f938d0987f68ce535c429607f8498,0.0,0.0,False,,False,3469.0,False,,False,False,False,True,False,True,False,,False,2.0,31622.776601683792,,,0x0000000000000000000000000000000000000000,0.0,0.0,0.0,False,False,0.0,False,Dogcoin,DCOIN,1000000000.0,False,False,False
Wrapped MistCoin,WMC,0x7Fd4d7737597E7b4ee22AcbF8D94362343ae0a79,1.0,6.59,6.59,False,0.0,False,False,False,0x1463c9d66f7edbcac6e95bc76bd8d21ede24988d,0.0,0.0,False,,False,2475.0,False,,False,False,False,True,False,True,False,,False,2.0,7.342680935997e-06,,,,0.0,0.0,0.0,False,False,0.0,False,Wrapped MistCoin,WMC,593378.69,False,False,False
HORUS,HORUS,0xf23e25286b7abf0458746c098a847fdba3dd9633,40818.45314694,0.0001,6.07,True,0.0,False,False,False,0xcbbf3e25843bbe7c57466438b7832076c6d5438e,0.0,0.0,False,,False,214.0,False,,True,False,False,True,False,True,False,,True,2.0,0.3741657386773941,,,0xcbbf3e25843bbe7c57466438b7832076c6d5438e,0.0,0.0,0.0,False,False,0.0,True,HORUS,HORUS,100000000.0,False,True,False
Safe Token,SAFE,0x5afe3855358e112b5647b952709e6165e1c1eeee,12.3456789,0.4718,5.82,False,0.0,False,False,False,0xd7df5bf3b8d2bd159664df54a30101d7faf6ca26,0.0,0.0,False,,False,11158.0,False,,False,False,False,True,False,True,False,,False,6.0,46140.120853291744,,,0x8cf60b289f8d31f737049b590b5e4285ff0bd1d1,1974.8059297873813,0.0,2e-06,False,False,0.0,False,Safe Token,SAFE,1000000000.0,False,True,False
Chintai Exchange Token,CHEX,0x9Ce84F6A69986a83d92C324df10bC8E64771030f,20.76326393,0.27,5.61,False,0.0,False,False,False,0x982773d9a693c794af1dc4b81e6d50c8478dd60a,0.0,0.0,False,,False,9321.0,False,,False,False,False,True,False,True,True,,False,10.0,183131.7022926432,,,,,,,False,False,0.0,False,Chintai Exchange Token,CHEX,581137395.9524097,False,False,False
Pepe,PEPE,0x6982508145454ce325ddbe47a25d4ec3d2311933,624202.0,0.0,5.45,True,0.0,False,False,False,0xfbfEaF0DA0F2fdE5c66dF570133aE35f3eB58c9A,3718135.24,0.0,False,,False,417227.0,False,,True,True,False,True,False,True,False,,False,65.0,28046656.498194735,,,0x0000000000000000000000000000000000000000,0.0,0.0,0.0,False,False,0.0,False,Pepe,PEPE,420689899653543.56,False,False,False
Ninja Squad Token,NST,0x70bef3bb2f001da2fddb207dae696cd9faff3f5d,2.0,2.6524,5.3,False,0.0,False,False,False,0xab910585a6daceea4eabb587e6aaefc888dd9716,0.0,0.0,False,,False,1220.0,False,,False,False,False,True,True,True,False,,True,16.0,270.7045843281867,,,0xab910585a6daceea4eabb587e6aaefc888dd9716,0.0,0.0,0.0,False,False,0.0,False,Ninja Squad Token,NST,8161274.43,False,False,False
Connect,CNCT,0x516d339afa72f6959b8e06a31fbc32da3e49348b,500.0,0.0089,4.43,False,0.05,False,False,False,0x165af5744f60b1124ef0554b5006a23ba29cfb83,0.0,0.0,False,,False,994.0,False,,True,False,False,True,False,True,False,,False,2.0,12480.542272643052,,,0x0000000000000000000000000000000000000000,0.0,0.0,0.0,False,False,0.05,True,Connect,CNCT,100000000.0,False,False,False
AstroPepeX,APX,0xed4e879087ebd0e8a77d66870012b5e0dffd0fa4,100000.0,0.0,4.05,False,0.0,False,False,False,0x92fb7dded09de546ad7c23e73caf8d6c34c96919,486660623.3583996,0.007487,False,,False,3829.0,False,,True,False,False,True,True,True,False,,False,4.0,362184.93667589274,,,0x0000000000000000000000000000000000000000,0.0,0.0,0.0,False,False,0.0,False,AstroPepeX,APX,65000000000.0,False,False,False
A Hunters Dream,CAW,0xf3b9569F82B18aEf890De263B84189bd33EBe452,74951956.0,0.0,3.98,False,0.0,False,False,False,0x36b59455afeedf0866fe6e775fe7651bbbe3e005,0.0,0.0,False,,False,26045.0,False,,False,False,False,True,False,True,False,,False,8.0,0.003644923462218948,,,,0.0,0.0,0.0,False,False,0.0,False,A Hunters Dream,CAW,666666666666666.0,False,False,False
Convex Token,CVX,0x4e3fbd56cd56c3e72c1403e103b45db9da5b9d2b,1.0,2.4871,2.49,False,0.0,False,False,False,0x947b7742c403f20e5faccdac5e092c943e7d0277,130298.70244347338,0.001305,False,,False,25211.0,False,,False,False,False,True,True,True,False,,False,55.0,1028.2025627938747,,,0xf403c135812408bfbe8713b5a23a04b3d48aae31,0.0,0.0,0.0,False,False,0.0,False,Convex Token,CVX,99859741.60252625,False,False,False
PKG Token,PKG,0x02f2d4a04e6e01ace88bd2cd632875543b2ef577,1000000.0,0.0,2.06,False,0.0,False,False,False,0x8cd103c2164d04d071f4014ac7b3aa42d8fa596c,7358119.21251319,0.00074,False,,False,3869.0,False,,False,False,False,True,False,True,False,,False,4.0,1761.109260541782,,,,0.0,0.0,0.0,False,False,0.0,False,PKG Token,PKG,9950000000.0,False,False,False
DragonX,DRAGONX,0x96a5399d07896f757bd4c6ef56461f58db951862,1500000.0,0.0,1.61,False,0.0001,False,False,False,0x25c9e69177655fda916d849b1d7c11be32d2458b,99284932369.24403,0.020028,False,,False,3796.0,False,,False,False,False,True,False,True,False,,False,10.0,266341.06815442763,,,0x25c9e69177655fda916d849b1d7c11be32d2458b,99284932369.24403,0.0,0.020028,False,False,0.0,False,DragonX,DRAGONX,4957227673621.623,False,False,False
Truflation,TRUF,0x243c9be13fAbA09F945ccc565547293337Da0Ad7,69.42,0.0206,1.43,False,0.0001,False,False,False,0xffa5e192ca28f1a214e05fcd8e4a317e42ef844e,0.0,0.0,False,,False,1725.0,False,,False,False,False,True,False,True,False,,False,1.0,0.004512925148604638,,,,0.0,0.0,0.0,False,False,0.0,False,Truflation,TRUF,1000000000.0,False,False,False
HarryPotterTrumpSonic100Inu,BTC,0x7099aB9E42Fa7327a6b15E0a0c120c3e50d11BeC,22222.0,0.0,1.09,False,0.0,False,False,False,0x82c7e623b0e88e0533d4dd777b8d2bad9691a3bf,0.0,0.0,False,,False,839.0,False,,True,False,False,True,False,True,False,,True,2.0,0.8946150318433064,,,0x0000000000000000000000000000000000000000,0.0,0.0,0.0,False,False,0.0,True,HarryPotterTrumpSonic100Inu,BTC,1000420069.0,False,False,False
Froge,FROGE,0xcAb254f1a32343f11aB41fbdE90eCB410cDe348a,500000000.0,0.0,0.95,False,0.0,False,False,False,0x34919f7dd781e5cdbda923392dbc627add997a8f,4340422254010.678,0.006287,False,,False,5349.0,False,,False,False,False,True,False,True,False,,False,2.0,97634229.78577308,,,,0.0,0.0,0.0,False,False,0.0001,False,Froge,FROGE,690420000000000.0,False,False,False
Shrub,SHRUB,0x3b991130eaE3CcA364406D718DA22FA1C3E7C256,178.84994784,0.0051,0.91,False,0.0,False,False,False,0x0cc3183e620ef294bfb5ec21b7dbdf7b18dd5551,435888.71612825146,0.000436,False,,False,12868.0,False,,False,True,False,True,False,True,False,,True,4.0,30828.835757318302,,,0x0000000000000000000000000000000000000000,0.0,0.0,0.0,False,False,0.0,True,Shrub,SHRUB,1000000000.0,False,False,False
ApeCoin,APE,0x4d224452801aced8b2f0aebe155379bb5d594381,1.0,0.5762,0.58,False,0.0,False,False,False,0x295d587aa3ca6e57e227a4430ab7c4c00989a195,1.11452,0.0,False,,False,176865.0,False,,False,False,False,True,False,True,False,,False,10.0,30760.513989142855,,,,0.0,0.0,0.0,False,False,0.0,False,ApeCoin,APE,1000000000.0,False,False,False
Wojak Coin,WOJAK,0x5026F006B85729a8b14553FAE6af249aD16c9aaB,1337.0,0.0003,0.39,False,0.0,False,False,False,0x8591f46a5e9b081289a3cfc4b5381f3c6e88389b,0.0,0.0,False,,False,22241.0,True,,False,False,False,True,False,True,False,,False,3.0,521685.81304425607,,,,0.0,0.0,0.0,False,False,0.0,False,Wojak Coin,WOJAK,69420000000.0,False,False,False
Gorples Coin,GORPLE,0xfF33A6b3dC0127862eEdD3978609404b22298A54,1099.89,0.0002,0.27,False,0.01,False,False,False,0x3558b57cb6e2c994d3878b33c0931fd8b821ee84,3063.0402728481854,8.3e-05,False,,False,505.0,False,,False,False,False,True,False,True,True,,False,3.0,8237.308821896619,,,,,,,False,False,0.01,False,Gorples Coin,GORPLE,36926294.32680311,False,False,False
Aviator,AVI,0xd2bdaaf2b9cc6981fd273dcb7c04023bfbe0a7fe,420.69,0.0005,0.19,False,0.0,False,False,False,0x1cfd452eb369a7b9475b07d1457dd1d0500fd788,73220.30964733411,7e-06,False,,False,2655.0,False,,False,False,False,True,False,True,False,,False,2.0,181334.47318310576,,,0x0000000000000000000000000000000000000000,0.0,0.0,0.0,False,False,0.0,False,Aviator,AVI,10000000000.0,False,False,False
FUMoney,FU,0x6C05b8141cEfb64502B6DfcAAE7C77BAbBaC18FA,69.0,0.0024,0.17,False,0.0001,False,False,False,0x501571f59d3180e6f1d91442c8aabc62890ba89e,0.0,0.0,False,,False,1032.0,False,,False,False,False,True,False,True,False,,False,1.0,1175033.3964220367,,,,0.0,0.0,0.0,False,False,0.0,False,FUMoney,FU,621000000.0,False,False,False
Alpha Gardeners,AG,0xcc8e21f599995d1c8367054841b8af5024ddf01b,6969.0,0.0,0.11,True,0.05,False,False,False,0x3200bfdafe1988f343f4fd379b7797a19ae49c1b,159229070.03440902,0.019904,False,,False,849.0,False,,True,True,False,True,False,True,False,,True,3.0,36747.053546903924,,,0x3200bfdafe1988f343f4fd379b7797a19ae49c1b,159229070.03440902,0.0,0.019904,False,False,0.0499,True,Alpha Gardeners,AG,8000000000.0,False,False,False
ChainGPT,CGPT,0x25931894a86d47441213199621f1f2994e1c39aa,1.0,0.1081,0.11,False,0.0001,False,False,False,0xfe83475880d3592833249baaacfec5ed51e29d82,0.0,0.0,False,,False,6854.0,False,,False,False,False,True,False,True,True,,False,2.0,1.21147303845723,,,,,,,False,False,0.0,False,ChainGPT,CGPT,48000794.72383512,False,False,False
Ethena,ENA,0x57e114B691Db790C35207b2e685D4A43181e6061,0.22110134,0.4247,0.09,False,0.0,False,False,False,0x32a12e3f8b1e1f521bb4fbc47ca473d10d0477de,1.0,0.0,False,,False,61530.0,False,,False,False,False,True,True,True,False,,False,10.0,616562.2241599783,,,0x3b0aaf6e6fcd4a7ceef8c92c32dfea9e64dc1862,0.0,0.0,0.0,False,False,0.0,False,ENA,ENA,15000000000.0,False,False,False
Prisma Governance Token,PRISMA,0xdA47862a83dac0c112BA89c6abC2159b95afd71C,2.67985383,0.0329,0.09,False,0.0,False,False,False,0xd8531a94100f15af7521a7b6e724ac4959e0a025,8.999318e-12,0.0,False,,True,4395.0,True,,False,False,False,True,True,True,False,,False,2.0,0.003162277660168379,,,0xc53baaaa8595a7a2e7fee71db7291b939f696734,0.0,1.0,0.0,False,False,0.0,False,Prisma Governance Token,PRISMA,300000000.0,False,False,False
MAGA,MAGA,0xd29da236dd4aac627346e1bba06a619e8c22d7c5,4747.0,0.0,0.06,False,0.0,False,False,False,0x5d5a00280e5f770f0aa1d0831294fe058b533940,0.0,0.0,False,,False,23705.0,False,,False,True,False,True,False,True,False,,True,9.0,24.384431577100706,,,0x0000000000000000000000000000000000000000,0.0,0.0,0.0,False,False,0.0,False,MAGA,MAGA,420690000000.0,False,False,False
PERRO DINERO,JOTCHUA,0x808c16ace7404777fe24a6777a9cb2335aa82451,69.0,0.0002,0.01,True,0.0,False,False,False,0x2bbeed14c707d30b309136ef83080d1bc7b3a04e,0.0,0.0,False,,False,1437.0,False,,True,True,False,True,False,True,False,,True,3.0,30512.331931616285,,,0x0000000000000000000000000000000000000000,0.0,0.0,0.0,False,False,0.0,False,PERRO DINERO,JOTCHUA,1000000000.0,False,False,False
BearX Coin,bearx,0x4f43A17Dd6531051af1b6E1a7c7eBA1aF16b275b,10.0,0,0,False,0.0,False,False,False,0x6e9618ae767107807a59263e9894da5bfdb689b0,0.0,0.0,False,,False,1069.0,False,,False,False,False,False,False,True,False,,False,,,,,0x274ca2b62143f6c5e1e6f879394ccaa8a4537f35,4989987999.0,0.0,0.498999,False,False,0.0,False,BearX Coin,bearx,10000000000.0,False,False,False
Dawn,DAWN,0x580c8520deda0a441522aeae0f9f7a5f29629afa,1.23456,0.0018,0.0,False,0.0,False,False,False,0xf0e79eb1402ce23ad192cd6834607fd3dd452a42,0.0,0.0,False,,False,3242.0,False,,False,False,False,True,False,True,True,,False,4.0,0.012384862836862012,,,,,,,False,False,0.0,False,Dawn,DAWN,76588156.82742885,False,False,False
Ross Ulbricht Genesis Collection,FREE,0x4cd0c43b0d53bc318cc5342b77eb6f124e47f526,1.0,0.0001,0.0,False,0.0,False,False,False,0x85aa7f78bdb2de8f3e0c0010d99ad5853ffcfc63,0.0,0.0,False,,False,3702.0,False,,False,False,False,True,False,True,True,,False,3.0,96.40091991524672,,,,,,,False,False,0.0,False,Ross Ulbricht Genesis Collection,FREE,9287305927.354893,False,False,False
Sora Token,XOR,0x40FD72257597aA14C7231A7B1aaa29Fce868F677,663300.0,0.0,0.0,False,0.0003,False,False,False,0xc08edf13be9b9cc584c5da8004ce7e6be63c1316,726.0,0.0,False,,False,20056.0,False,,False,False,False,True,True,True,False,,False,7.0,894173230.7305883,,,0xc08edf13be9b9cc584c5da8004ce7e6be63c1316,726.0,0.0,0.0,False,False,0.0,False,Sora Token,XOR,1.776426998899565e+19,False,False,False
Uncle Sam,USAM,0x0f79dff082b6f4324528f5ded2d6b8aa6d576277,6141946.69,0,0,False,0.0,False,False,False,0x9558efb1738aae2c54fd2f3c3f2185c5116fb371,0.0,0.0,False,,False,295.0,False,,False,False,False,True,False,True,False,,False,3.0,6.621625782238075,,,0x0000000000000000000000000000000000000000,0.0,0.0,0.0,False,False,0.0,False,Uncle Sam,USAM,313185200000.0,False,False,False
World Liberty Financial,WLFI,0xda5e1988097297dcdc1f90d4dfe7909e847cbef6,41500000769.6958,0,0,False,,False,False,False,0x97f1f8003ad0fb1c99361170310c65dc84f921e3,0.0,0.0,False,,False,85112.0,False,,False,False,False,False,False,True,True,,False,,,,,,,,,False,False,,False,World Liberty Financial,WLFI,100000000000.0,False,False,False
$WLFI,$WLFI,0xdb48451ab980a2b530999c3cc883b33390f5e8a7,1010000.0,0,0,False,0.0,False,False,False,0x146cc769f885f4dadb7e74e7d8771526a838d557,29997999856.944336,0.29998,False,,False,12.0,False,,False,False,False,True,False,False,False,,False,1.0,22234680.26790944,,,,,,,False,False,0.0001,False,$WLFI,$WLFI,100000000000.0,False,False,False
0xGen AI,GENAI,0x939c04BfcD2AF3fd153e8007c15089FcdD024e6f,8413800000.0,0,0,False,0.0,False,False,False,0x241baec99519a0aba42ee88cd21eb336ded647e8,4206900000.0,0.01,True,,False,269.0,True,,False,False,True,True,False,True,False,,False,2.0,43.78452158012007,,,0x0000000000000000000000000000000000000000,0.0,1.0,0.0,False,False,,False,0xGen AI,GENAI,420690000000.0,False,False,False
9290.eth,9290.eth,0x7f401B4d183D5D01eaA96076bcD16A71612D7157,200000000.0,0,0,False,0.0,False,False,False,0x6037abc12e8715847c1c0fa354995950adc9ce9f,0.0,0.0,False,,True,27.0,False,,True,True,False,True,False,True,False,,True,2.0,2.8,,,0x0000000000000000000000000000000000000000,0.0,0.0,0.0,False,False,0.0,True,9290.eth,9290.eth,10000000000.0,False,False,False
Abacus AI,ABAI,0xDE88BB259518D2d0771FCB857905154742898218,8413800000.0,0,0,False,0.0,False,False,False,0x51014ab69b37db213b1b4311390200f4e44b9583,0.0,0.0,True,,False,188.0,True,,False,False,True,True,False,True,False,,False,2.0,27.84024525754039,,,0x0000000000000000000000000000000000000000,0.0,1.0,0.0,False,False,,False,Abacus AI,ABAI,420690000000.0,False,False,False
AfD,AfD,0x2aa8F3AA1a5E3983F713588f48b8207DCfefeBA7,8413800000.0,0,0,False,0.0,False,False,False,0x39607f02c2a1991e77290274584de7b6d6669d60,0.0,0.0,True,,False,121.0,False,,False,False,True,True,False,True,False,,False,2.0,19.686026211503428,,,0x0000000000000000000000000000000000000000,0.0,0.0,0.0,False,False,,False,AfD,AfD,420690000000.0,False,False,False
AGNEZ,AGNEZ,0x7c073804DC26dAA4a6DB3738E1F04de1497206e7,8413800000.0,0,0,False,0.0,False,False,False,0xfb1ad8fee0abb808845698f993587552e7dbf788,0.0,0.0,True,,False,136.0,False,,False,False,True,True,False,True,False,,False,2.0,19.686026211503428,,,0x0000000000000000000000000000000000000000,0.0,0.0,0.0,False,False,,False,AGNEZ,AGNEZ,420690000000.0,False,False,False
Aloha AI Protocol,ALOHA,0x73B4Bc106Df735F263B277dBFDe6f48365895157,8413800000.0,0,0,False,0.0,False,False,False,0xa3375762b85bccb2242b97d562eef6394261f79a,4206900000.0,0.01,True,,False,222.0,True,,False,False,True,True,False,True,False,,False,2.0,23.9817701390035,,,0x0000000000000000000000000000000000000000,0.0,1.0,0.0,False,False,,False,Aloha AI Protocol,ALOHA,420690000000.0,False,False,False
America,USA,0x806556cf7E17CFC743B003645429e92F4707312F,42069.0,0,0,False,0.0,False,False,False,0x0e7e5a24cbf9d235c9d9e1d538997abdc2910250,0.0,0.0,False,,False,429.0,False,,False,False,False,True,False,True,False,,False,6.0,45709.957504604536,,,,0.0,0.0,0.0,False,False,0.0,False,America,USA,336827358.0,False,False,False
Anderson Coper,COPER,0x049DB926507b46cf9cA7D780F517d0E078CEdcF0,8413800000.0,0,0,False,0.0,False,False,False,0xb43aa2882238cbc603cd3ef155209154484253bf,0.0,0.0,True,,False,105.0,True,,False,False,True,True,False,True,False,,False,2.0,19.686026211503428,,,0x0000000000000000000000000000000000000000,0.0,1.0,0.0,False,False,,False,Anderson Coper,COPER,420690000000.0,False,False,False
AOBA,AOBA,0xF30c404d4AC26142395FbFf1d9b20aE5283e869A,8413800000.0,0,0,False,0.0,False,False,False,0x76a9c492dce3038441606e911842de6925e2e04b,0.0,0.0,True,,False,105.0,False,,False,False,True,True,False,True,False,,False,2.0,19.686026211503428,,,0x0000000000000000000000000000000000000000,0.0,0.0,0.0,False,False,,False,AOBA,AOBA,420690000000.0,False,False,False
Apescreener AI,APEAI,0x35d1697e302645d1d5330452a4713dd5aa6cfcf4,8413800000.0,0,0,False,0.0,False,False,False,0x2917d644dbced3da2a4e20138ca5cbba3dc57970,0.0,0.0,False,,False,243.0,True,,False,False,True,True,False,True,False,,False,2.0,19.686026211503428,,,0x0000000000000000000000000000000000000000,0.0,1.0,0.0,False,False,0.0,False,Apescreener AI,APEAI,420690000000.0,False,False,False
Aptocyclus ventricosus,MEGAMIND,0xa5FD8C0D37c6Dc455c139f1507B3D67FF1232576,8413800000.0,0,0,False,0.0,False,False,False,0x54f74a4e14a0bf780372b146a89ed2b934098127,0.0,0.0,True,,False,100.0,False,,False,False,True,True,False,True,False,,False,2.0,19.686026211503428,,,0x0000000000000000000000000000000000000000,0.0,0.0,0.0,False,False,,False,Aptocyclus ventricosus,MEGAMIND,420690000000.0,False,False,False
APWine Token,APW,0x4104b135dbc9609fc1a9490e61369036497660c8,40.08513702,0,0,False,0.0,False,False,False,0x9ba84de65acfb90cd6fec95f08574e4f2c32b6e8,0.0,0.0,False,,False,1320.0,False,,False,False,False,True,False,True,True,,False,12.0,152.62661874014853,,,,,,,False,False,0.0,False,APWine Token,APW,12858784.61284235,False,False,False
Aya San,AYA,0xa98cff629253e95cfc3c7983039e22007821350a,8413800000.0,0,0,False,0.0,False,False,False,0x395656cf13fd441fb3d6a411dc2e0a299cbcf88a,0.0,0.0,True,,False,268.0,True,,False,False,True,True,False,True,False,,False,2.0,19.686026211503428,,,0x0000000000000000000000000000000000000000,0.0,1.0,0.0,False,False,,False,Aya San,AYA,420690000000.0,False,False,False
Bambi,BAM,0x9db0fb0aebe6a925b7838d16e3993a3976a64aab,1000000.0,0,0,False,0.0,False,False,False,0x30af7c7f19509cd6a781b0f566aa324c0c62c4fc,4.340584e-12,0.0,False,,False,6252.0,False,,False,False,False,True,False,True,False,,False,5.0,13358658.427205125,,,0x0000000000000000000000000000000000000000,0.0,0.0,0.0,False,False,0.0,False,Bambi,BAM,100000000000000.0,False,False,False
BAMF,BAMF,0x223256a9cA096745c11cAe1335Cf6d7f48a03735,8413800000.0,0,0,False,0.0,False,False,False,0x2333c51bfb4ffc56839a49ca28df88ad02a12ed8,0.0,0.0,True,,False,114.0,True,,False,False,True,True,False,True,False,,False,2.0,19.686026211503428,,,0x0000000000000000000000000000000000000000,0.0,1.0,0.0,False,False,,False,BAMF,BAMF,420690000000.0,False,False,False
Barron Trump,BARRON,0x4DFb54c45e67BB9Bb76011Ba0B651508EEca46d7,575004761.0,0,0,False,,False,False,False,0x8d6ba07ad5f88e65756e383018c871772611f9fe,200000000.0,0.2,False,,False,37.0,True,,False,False,False,False,False,True,False,,False,,,,,,0.0,0.0,0.0,False,False,,False,Barron Trump,BARRON,1000000000.0,False,False,False
BeLessDumb,DUMB,0x13Ce3B072E58bC49DB03cd8627d8900FdD917F03,250000000000.0,0,0,False,0.0,False,False,False,0xd399bf05eb8c312443da05691372c8998e82abd5,113821580477.5136,0.011382,False,,False,729.0,False,,False,False,False,True,False,True,False,,True,3.0,85.5277732669336,,,0x0000000000000000000000000000000000000000,0.0,0.0,0.0,False,False,0.0,False,BeLessDumb,DUMB,10000000000000.0,False,False,False
Belgian Malinois,CZ Dog,0x5d7E3E6eD94600fB636593a4f7551D4334D62fEc,8413800000.0,0,0,False,0.0,False,False,False,0x454261fe794281776ba6989ef2c37e0aa6bdaa1c,0.0,0.0,True,,False,185.0,False,,False,False,True,True,False,True,False,,False,2.0,19.686026211503428,,,0x0000000000000000000000000000000000000000,0.0,0.0,0.0,False,False,,False,Belgian Malinois,CZ Dog,420690000000.0,False,False,False
BITCOIN PLUS,BITPLUS,0xA8E8eCBdE7D3b5500F879bc8CD36a74350F06AF2,8413800000.0,0,0,False,0.0,False,False,False,0xc8cd085845062f81ed81564fe859b579cf402d07,0.0,0.0,True,,False,285.0,True,,False,False,True,True,False,True,False,,False,2.0,19.686026211503428,,,0x0000000000000000000000000000000000000000,0.0,1.0,0.0,False,False,,False,BITCOIN PLUS,BITPLUS,420690000000.0,False,False,False
Bitcoin Reserve Strategy,BRS,0x8A1d3E6ebDAF472F53Be78Ec52D310482eA16580,8413800000.0,0,0,False,0.0,False,False,False,0xfe8981d29293e143513202b30a9e6e423bff28e9,0.0,0.0,True,,False,194.0,False,,False,False,True,True,False,True,False,,False,2.0,19.686026211503428,,,0x0000000000000000000000000000000000000000,0.0,0.0,0.0,False,False,,False,Bitcoin Reserve Strategy,BRS,420690000000.0,False,False,False
Black Devil,ANGLERFISH,0x1dDd4b44438bDD16893EB7590E45E098E178d28D,8413800000.0,0,0,False,0.0,False,False,False,0x70bbc0b0215b7a76cce4f096f8e324cc86db0b5d,0.0,0.0,True,,False,265.0,True,,False,False,True,True,False,True,False,,False,2.0,19.686026211503428,,,0x0000000000000000000000000000000000000000,0.0,1.0,0.0,False,False,,False,Black Devil,ANGLERFISH,420690000000.0,False,False,False
"BlackCock, Inc.",BLACKCOCK,0xF86a0e8a57a2392390db1F3E69DFb857753f5FC1,69.0,0,0,False,0.0,False,False,False,0x2fde24e0fac4bf42d3488032c291f5c1a947a3d2,31.0,0.000447,False,,False,80.0,False,,False,False,False,True,False,False,False,,False,2.0,67.83424252904705,,,,,,,False,False,0.0,False,"BlackCock, Inc.",BLACKCOCK,69420.0,False,False,False
Blok Capital,BLOK,0xc9951bbfd8452a423fb6356c95c5b48f69a7c14e,4600000.0,0,0,False,0.0,False,False,False,0xc50df0b3c3c62493f5098a34f2467756462c930c,0.0,0.0,False,,False,9.0,False,,False,True,False,False,True,True,False,,False,,,,,0x6470806f2f3d8c008a637488821cd68865849de0,0.0,0.0,0.0,False,False,0.0,False,Blok Capital,BLOK,100000000.0,False,False,False
BMAX,BMAX,0xA3D5A24D012d815eB0358E8A3fe1fDaaA34e0a26,8413800000.0,0,0,False,0.0,False,False,False,0xeaf293b5855705cb75ab1ff63e48b425728afad7,0.0,0.0,True,,False,112.0,False,,False,False,True,True,False,True,False,,False,2.0,19.686026211503428,,,0x0000000000000000000000000000000000000000,0.0,0.0,0.0,False,False,,False,BMAX,BMAX,420690000000.0,False,False,False
Broccoli,Broccoli,0x2B0d0A0526CaB215854FCBf2C638e39f3232A620,8413800000.0,0,0,False,0.0,False,False,False,0xc11210716a2860709d087a736f9d7ed2e1627c9a,0.0,0.0,True,,False,179.0,False,,False,False,True,True,False,True,False,,False,2.0,19.686026211503428,,,0x0000000000000000000000000000000000000000,0.0,0.0,0.0,False,False,,False,Broccoli,Broccoli,420690000000.0,False,False,False
Broccoli,Broccoli,0x0bd82fcf32b027450f77616ddbfe1a3ab35f7458,1000001.0,0,0,False,0.0,False,False,False,0x6d099d5fd91c6c3b7034e700cf1d3dbe0b25952d,493996873.0,0.493997,False,,False,15.0,False,,False,False,False,True,False,True,False,,False,1.0,1e-15,,,0x0000000000000000000000000000000000000000,0.0,0.0,0.0,False,False,0.0,False,Broccoli,Broccoli,1000000000.0,False,False,False
Broccoli Man,BROCCO,0x61922a57De807F6F33D6a90baBC1D48b6D767629,8413800000.0,0,0,False,0.0,False,False,False,0x5c345a44853dc94c993b944267f1343d596f3cde,8413800000.0,0.02,False,,False,58.0,False,,True,False,False,True,False,True,False,,False,2.0,13.883203175060142,,,0x0000000000000000000000000000000000000000,0.0,0.0,0.0,False,False,0.0,False,Broccoli Man,BROCCO,420690000000.0,False,False,False
Butterfly Ai,FLY,0x83012983d3f63a7f7a17684f08842a38295cfb25,50000.0,0,0,False,0.05,False,False,False,0x0478aa0f766bbcfd0882ad8ae5df5f0531f06065,0.0,0.0,False,,False,306.0,False,,True,False,False,True,False,True,False,,True,2.0,0.06985312163115977,,,0x0478aa0f766bbcfd0882ad8ae5df5f0531f06065,0.0,0.0,0.0,False,False,0.0497,False,Butterfly Ai,FLY,10000000.0,True,False,False
Bybit Dog,SHADOW,0x58372dd550688f56c700df61b67cb23b81ce9c12,8413800000.0,0,0,False,0.0,False,False,False,0x3af117a955da4d2dcffb31547f1bcb249fbfd466,0.0,0.0,True,,False,148.0,True,,False,False,True,True,False,True,False,,False,2.0,19.686026211503428,,,0x0000000000000000000000000000000000000000,0.0,1.0,0.0,False,False,,False,Bybit Dog,SHADOW,420690000000.0,False,False,False
CARBON,CBN,0xd0432aa2c9d12ba942df232385acad94e6512e8a,10000000.0,0,0,False,0.0,False,False,False,0xc50df0b3c3c62493f5098a34f2467756462c930c,0.0,0.0,False,,False,16.0,False,,False,True,False,False,True,True,False,,False,,,,,0x6470806f2f3d8c008a637488821cd68865849de0,0.0,0.0,0.0,False,False,0.0,False,CARBON,CBN,100000000.0,False,False,False
Cartoon Network,CN,0x754a34aa25f6b0ea9e925dd7b6ab4562f77e6254,20000000.0,0,0,False,0.0,False,False,False,0x877535f71b09ecdd653ccbf504a321d380428c64,0.0,0.0,True,,False,124.0,False,,False,False,True,True,False,True,False,,False,2.0,0.9646761114488116,,,0x0000000000000000000000000000000000000000,0.0,0.0,0.0,False,False,,False,Cartoon Network,CN,1000000000.0,False,False,False
Charmed AI,CHAI,0x3F99f4630473237727abcd225CAaB2B29d83837f,8413800000.0,0,0,False,0.0,False,False,False,0x7772648d55577ccf625cf94d1ad53aef015edce0,12620700000.0,0.03,True,,False,172.0,True,,False,False,True,True,False,True,False,,False,2.0,18.719903044620718,,,0x0000000000000000000000000000000000000000,0.0,1.0,0.0,False,False,,False,Charmed AI,CHAI,420690000000.0,False,False,False
CHEESE,CHEESE,0xD04CF60cf39F45276585eeC02B478ba9556790d7,250000000000000.0,0,0,False,0.0,False,False,False,0xbb516ea4a5c98928cd4da8fe6d590a2ac0dcb78b,267810721347516.06,0.026781,False,,False,76.0,False,,False,False,False,True,False,True,False,,True,3.0,2484.9547279578355,,,0x0000000000000000000000000000000000000000,0.0,0.0,0.0,False,False,0.0,False,CHEESE,CHEESE,1e+16,False,False,False
Circumcisions,Circumcisions,0xF4f7863736a3936552F515A9f3A1391780048fCA,8413800000.0,0,0,False,0.0,False,False,False,0x635ea7fa732be1ea48b4d5774162139ceb24a095,0.0,0.0,True,,False,203.0,True,,False,False,True,True,False,True,False,,False,2.0,19.686026211503428,,,0x0000000000000000000000000000000000000000,0.0,1.0,0.0,False,False,,False,Circumcisions,Circumcisions,420690000000.0,False,False,False
Cocoro,COCORO,0x39a20911c803b3650fa5d0e2c66b15e3edac0b69,8413800000.0,0,0,False,0.0,False,False,False,0xbf18b219cbf9e8c2268d6f2381a4403a9840deef,0.0,0.0,True,,False,235.0,False,,False,False,True,True,False,True,False,,False,2.0,19.686026211503428,,,0x0000000000000000000000000000000000000000,0.0,0.0,0.0,False,False,,False,Cocoro,COCORO,420690000000.0,False,False,False
Cocoro,COCORO,0xca6c1a9db7a8a56dafef8a3346c1a89d7187093a,8413800000.0,0,0,False,0.0,False,False,False,0xcfa08273dd2cb6020f88651f00a92da60f194442,0.0,0.0,True,,False,80.0,False,,False,False,True,True,False,True,False,,False,2.0,19.686026211503428,,,0x0000000000000000000000000000000000000000,0.0,0.0,0.0,False,False,,False,Cocoro,COCORO,420690000000.0,False,False,False
Crypto Advisory Council,CAC,0xE8502A7095EcBeF24A1D763710A6b3Cdf82d2c22,20000000.0,0,0,False,0.0,False,False,False,0xa3a12178e1c5386bd52f64947e26733097ca77e5,0.0,0.0,False,,False,119.0,False,,True,False,False,True,False,True,False,,True,2.0,27386.127875258306,,,0x0000000000000000000000000000000000000000,0.0,0.0,0.0,False,False,0.0,True,Crypto Advisory Council,CAC,1000000000.0,False,False,False
CrystalBalls AI,CRAI,0x7b2CdE47b4579ab4Cbf31E8CF326Acf0f1a19ED9,8413800000.0,0,0,False,0.0,False,False,False,0x2d6f2b61811872ceded44fc55aa965c25a2a62ef,0.0,0.0,True,,False,205.0,True,,False,False,True,True,False,True,False,,False,2.0,19.686026211503428,,,0x0000000000000000000000000000000000000000,0.0,1.0,0.0,False,False,,False,CrystalBalls AI,CRAI,420690000000.0,False,False,False
Curve AI,CVAI,0xACa3656500eE86FE6d2cc630eb005323342666d2,8413800000.0,0,0,False,0.0,False,False,False,0x76938fad579a879d6043d30369cdaa83acf812be,0.0,0.0,True,,False,263.0,True,,False,False,True,True,False,True,False,,False,2.0,27.84024525754039,,,0x0000000000000000000000000000000000000000,0.0,1.0,0.0,False,False,,False,Curve AI,CVAI,420690000000.0,False,False,False
CYA,CYA,0x4B5Fc0FB552413eEe381e82b5Fe70943129E5F96,8413800000.0,0,0,False,0.0,False,False,False,0x0fb2003b37f7ce6c7f245d80fcbf5c22ec45f6f6,0.0,0.0,True,,False,94.0,False,,False,False,True,True,False,True,False,,False,2.0,19.686026211503428,,,0x0000000000000000000000000000000000000000,0.0,0.0,0.0,False,False,,False,CYA,CYA,420690000000.0,False,False,False
CYA,CYA,0x57319176f82f1dc90e7799817029e2f27670ce68,8413800000.0,0,0,False,0.0,False,False,False,0xedb2be77569cc71557485619b312aa83a85ec452,0.0,0.0,False,,False,65.0,False,,False,False,False,True,False,False,False,,False,2.0,19.686026211503428,,,,,,,False,False,,False,CYA,CYA,420690000000.0,False,False,False
CZ DOG,CLEO,0x9cafc172297b2562accfa2e26afcfe54432c8c88,8413800000.0,0,0,False,0.0,False,False,False,0x4335a7159c2a45c5d859143f2b5eaa1206559de5,0.0,0.0,True,,False,109.0,False,,False,False,True,True,False,True,False,,False,2.0,19.686026211503428,,,0x0000000000000000000000000000000000000000,0.0,0.0,0.0,False,False,,False,CZ DOG,CLEO,420690000000.0,False,False,False
CZ DOG NAME,PERRY,0x9ae90e48e08e39449834bec7ea2ca5859de95c79,8413800000.0,0,0,False,0.0,False,False,False,0xb51a6ad756c33d4dd821f2e46427899bfec7b5f5,0.0,0.0,True,,False,141.0,True,,False,False,True,True,False,True,False,,False,2.0,19.686026211503428,,,0x0000000000000000000000000000000000000000,0.0,1.0,0.0,False,False,,False,CZ DOG NAME,PERRY,420690000000.0,False,False,False
D-EF-I I LOVE YOU,D-EF-I,0x44290dfd74a3d5e5d7745647e504be17dcb7c8ba,8413800000.0,0,0,False,0.0,False,False,False,0x7f122ce1d015ed3de77c0974bd8beb7dccc41280,0.0,0.0,True,,False,167.0,False,,False,False,True,True,False,True,False,,False,2.0,19.686026211503428,,,0x0000000000000000000000000000000000000000,0.0,0.0,0.0,False,False,,False,D-EF-I I LOVE YOU,D-EF-I,420690000000.0,False,False,False
DeBox Cloud,DEBOX,0x603437ad3627dcf5a85a3792686b31dc4fac53b7,10000000.0,0,0,True,0.05,False,False,False,0x5656ae3421be4054ea09e40be7c32eb9a4574187,11041480.026460696,0.110415,True,,False,79.0,False,,True,False,False,True,False,True,False,,True,1.0,1e-15,,,0x0000000000000000000000000000000000000000,0.0,0.0,0.0,False,False,,False,DeBox Cloud,DEBOX,100000000.0,False,False,False
Decide AI,DCD,0x09093Dc2d6A553D8B286DA0D1BF05fe06614850c,8413800000.0,0,0,False,0.0,False,False,False,0x3bae4158ba28261aa64fce9536bafe4b6eba3afc,4206900000.0,0.01,True,,False,370.0,True,,False,False,True,True,False,True,False,,False,2.0,27.691762890794802,,,0x0000000000000000000000000000000000000000,0.0,1.0,0.0,False,False,,False,Decide AI,DCD,420690000000.0,False,False,False
Deep AI Pro,DEEP,0x6D447eFebA0DEa63194FDb57B7e96884E7a12a80,8413800000.0,0,0,False,0.0,False,False,False,0x1a8ebaa004e2603f49e6604cad6002bffa68625d,0.0,0.0,True,,False,260.0,False,,False,False,True,True,False,True,False,,True,2.0,19.686026211503428,,,0x0000000000000000000000000000000000000000,0.0,0.0,0.0,False,False,,False,Deep AI Pro,DEEP,420690000000.0,False,False,False
DeepDoge AI,DEEPDOGE,0x370692e4a36ea5349b16f4431835647ca409a96c,8413800000.0,0,0,False,0.0,False,False,False,0x4cfa0cc7f239370e602dc543f9e9e7261fd4b890,4206900000.0,0.01,True,,False,233.0,True,,False,False,True,True,False,True,False,,False,2.0,19.581033323090995,,,0x0000000000000000000000000000000000000000,0.0,1.0,0.0,False,False,,False,DeepDoge AI,DEEPDOGE,420690000000.0,False,False,False
DEEPSEARCH,DEEPSEARCH,0x04669f667dce30B69AaD2D599968F4779D7496E0,8413800000.0,0,0,False,0.0,False,False,False,0x04eaba1742123525d8995f7f9b352a3654dff34e,0.0,0.0,True,,False,104.0,False,,False,False,True,False,False,True,False,,False,2.0,19.686026211503428,,,0x0000000000000000000000000000000000000000,0.0,0.0,0.0,False,False,,False,DEEPSEARCH,DEEPSEARCH,420690000000.0,False,False,False
DeepSeek AI,DEEPSEEK,0xc194B61A0206C96535B7CE83985AC561aec6eF6F,8413800000.0,0,0,False,0.0,False,False,False,0xf1b3e96137971fd771f35bafbdb37c8770573b6b,4206900000.0,0.01,True,,False,303.0,True,,False,False,True,True,False,True,False,,False,2.0,61.92066424062326,,,0x0000000000000000000000000000000000000000,0.0,1.0,0.0,False,False,,False,DeepSeek AI,DEEPSEEK,420690000000.0,False,False,False
Department of Gambling Eternally,DOGE,0xC1f21D9aF70cFE6a6078161256B5c2BbfeFd9cF4,8413800000.0,0,0,False,0.0,False,False,False,0xdf4c13b924b74c2c1b467bd818b62b2681327f52,0.0,0.0,False,,False,49.0,False,,False,False,False,True,False,True,False,,False,2.0,13.883203175060142,,,0x0000000000000000000000000000000000000000,0.0,0.0,0.0,False,False,0.0,False,Department of Gambling Eternally,DOGE,420690000000.0,False,False,False
Department of Gambling Eternally,DOGE,0xeFb48Df455C81ec7504da1cB3739F917C072e4a3,8413800000.0,0,0,False,0.0,False,False,False,0x7d80e46cfe3b654d2887e0173d70ead3bfdf76f5,0.0,0.0,True,,False,293.0,False,,False,False,True,True,False,True,False,,False,2.0,19.686026211503428,,,0x0000000000000000000000000000000000000000,0.0,0.0,0.0,False,False,,False,Department of Gambling Eternally,DOGE,420690000000.0,False,False,False
Department Of War,DOW,0xe31d38d0d36a3e8f07f6e8e93847708cdc778a9f,8413800000.0,0,0,False,0.0,False,False,False,0xe73f6b42c3c2b5be6f706af102af251f09859e8a,0.0,0.0,True,,False,116.0,False,,False,False,True,True,False,True,False,,False,2.0,19.686026211503428,,,0x0000000000000000000000000000000000000000,0.0,0.0,0.0,False,False,,False,Department Of War,DOW,420690000000.0,False,False,False
Deportation Growth Index 6900,DGI6900,0x44E9364E5495809b0d480c19572F403701f3Cb1a,8413800000.0,0,0,False,0.0,False,False,False,0x49b36fd9cf74b237f9680ab3d63925a1f0cd03e9,0.0,0.0,True,,False,249.0,True,,False,False,True,True,False,True,False,,False,2.0,19.686026211503428,,,0x0000000000000000000000000000000000000000,0.0,1.0,0.0,False,False,,False,Deportation Growth Index 6900,DGI6900,420690000000.0,False,False,False
Dept of Propaganda Everywhere,DOPE,0x1D5c85A7d9095be447CE45A84BB111D8ac6fC450,8413800000.0,0,0,False,0.0,False,False,False,0x56e2f5e65073675424decd26cae384c86ae7fea7,0.0,0.0,True,,False,165.0,False,,False,False,True,True,False,True,False,,False,2.0,19.686026211503428,,,0x0000000000000000000000000000000000000000,0.0,0.0,0.0,False,False,,False,Dept of Propaganda Everywhere,DOPE,420690000000.0,False,False,False
DOGE Social Security,DSS,0x8b38E5F8D5c7076E39D44f986e848FDa1C377Aa3,8413800000.0,0,0,False,0.0,False,False,False,0x1112582501d4f9608aa29f50ae4aa7a76498ee2a,0.0,0.0,True,,False,213.0,True,,False,False,True,True,False,True,False,,False,2.0,19.686026211503428,,,0x0000000000000000000000000000000000000000,0.0,1.0,0.0,False,False,,False,DOGE Social Security,DSS,420690000000.0,False,False,False
DOGE State,DOGESTATE,0x6F083C19FA0cD54BbB3Bc69Ea039ee72Ca777971,8413800000.0,0,0,False,0.0,False,False,False,0x2b10b683dd1e42f3ff411ae9d43693eeeebd0830,0.0,0.0,True,,False,112.0,True,,False,False,True,True,False,True,False,,False,2.0,19.686026211503428,,,0x0000000000000000000000000000000000000000,0.0,1.0,0.0,False,False,,False,DOGE State,DOGESTATE,420690000000.0,False,False,False
DOGE Subcommittee,DSC,0x4fc0eF3196c2D89e646C964374bBfea90257d0E1,8413800000.0,0,0,False,0.0,False,False,False,0x1ff3902c4887df96680e83afbd2e790d37b6b931,0.0,0.0,True,,False,242.0,True,,False,False,True,True,False,True,False,,False,2.0,19.686026211503428,,,0x0000000000000000000000000000000000000000,0.0,1.0,0.0,False,False,,False,DOGE Subcommittee,DSC,420690000000.0,False,False,False
DOLPHIN AI,DOLPHIN,0xfaca6611fca6de09f726b8a0a1448253b6f748e5,1800.58585487,0,0,False,0.0,False,False,False,0xfe35ce105fe5e82c7c3706eba78f4aef424a2366,416546.27539757884,0.000417,False,,False,116.0,False,,False,False,False,True,False,True,False,,False,1.0,5282504.519368682,,,,0.0,0.0,0.0,False,False,0.0001,False,DOLPHIN AI,DOLPHIN,1000000000.0,False,False,False
Donald J. Trump chan,TRUMPCHAN,0x8210d76F3A6b01E65675308ADc57f2191F3648e1,8413800000.0,0,0,False,0.0,False,False,False,0xa77a1e9136da154844d8b8fafee37dfff6c69003,0.0,0.0,True,,False,95.0,False,,False,False,True,True,False,True,False,,False,2.0,19.686026211503428,,,0x0000000000000000000000000000000000000000,0.0,0.0,0.0,False,False,,False,Donald J. Trump chan,TRUMPCHAN,420690000000.0,False,False,False
Eclipse AI,ECLIPSE,0x71bF1f92d82906e59fdB8019Ad71d61985173238,8413800000.0,0,0,False,0.0,False,False,False,0xc8c26430e83a8a14870f9a504dc9985fc66dec87,0.0,0.0,True,,False,237.0,True,,False,False,True,True,False,True,False,,False,2.0,19.686026211503428,,,0x0000000000000000000000000000000000000000,0.0,1.0,0.0,False,False,,False,Eclipse AI,ECLIPSE,420690000000.0,False,False,False
Egoism Order,EGO,0xAB73f2BB41aEf52E864d9B8dDdaeb3C7eCf01dd8,9866666.0,0,0,False,0.0,False,False,False,0xa76ed9933d7933de3b71431b329b481d661033b2,0.0,0.0,False,,False,55.0,False,,False,False,False,True,False,True,False,,False,2.0,9.934588263931e-06,,,,0.0,0.0,0.0,False,False,0.0,False,Egoism Order,EGO,3141592653.0,False,False,False
Elon New AI Company,HOTSHOT,0x5780ebfbadb7f46965f2e282115ed49e03ffd5a7,8413800000.0,0,0,False,0.0,False,False,False,0x4154d6f3042df3b1ee0a562004e920024fd0be6c,0.0,0.0,True,,False,80.0,False,,False,False,True,True,False,True,False,,False,2.0,19.686026211503428,,,0x4154d6f3042df3b1ee0a562004e920024fd0be6c,0.0,0.0,0.0,False,False,,False,Elon New AI Company,HOTSHOT,420690000000.0,False,False,False
elon new profile picture,knight-423,0x4576Db19AE29bc349b198a06E6e44F8fC9099f3F,8413800000.0,0,0,False,0.0,False,False,False,0x56ebd89696c190efcad22c84ae0f5b47291a3150,0.0,0.0,True,,False,94.0,False,,False,False,True,True,False,True,False,,False,2.0,19.686026211503428,,,0x0000000000000000000000000000000000000000,0.0,0.0,0.0,False,False,,False,elon new profile picture,knight-423,420690000000.0,False,False,False
Elon's Dog,UNO,0x89e6508b9C9186c811c88503e68CC10799C62cde,8413800000.0,0,0,False,0.0,False,False,False,0x2bdd107dded7d130d483a8d5c57938d7686d9717,0.0,0.0,True,,False,102.0,False,,False,False,True,True,False,True,False,,False,2.0,19.686026211503428,,,0x2bdd107dded7d130d483a8d5c57938d7686d9717,0.0,0.0,0.0,False,False,,False,Elon's Dog,UNO,420690000000.0,False,False,False
Entangle AI,ENTAI,0x64e61433ff287d9ec79037e204f4c1f102ee2458,8413800000.0,0,0,False,0.0,False,False,False,0x177ff6289e03ad29be841f1fe54e7a685cca01c0,0.0,0.0,True,,False,278.0,False,,False,False,True,True,False,True,False,,False,2.0,22.00964640788216,,,0x0000000000000000000000000000000000000000,0.0,0.0,0.0,False,False,,False,Entangle AI,ENTAI,420690000000.0,False,False,False
ETH,ETH,0x1b54A6d2C6beF002bF815740Ff55Fc69a1e3BFa6,200000.0,0,0,False,,False,False,False,,,,False,,False,2.0,False,,False,False,False,False,False,False,False,,False,,,,,,,,,False,False,,False,ETH,ETH,700000.0,False,False,False
ETHEREALIZE,ETHEREALIZE,0x5806252F36f7FACaC636D894ee14F778fc9813Ba,8413800000.0,0,0,False,0.0,False,False,False,0xfed770c426d45669f3cf879e6fbc8ac5be343e8c,0.0,0.0,True,,False,228.0,True,,False,False,True,True,False,True,False,,False,2.0,19.686026211503428,,,0x0000000000000000000000000000000000000000,0.0,1.0,0.0,False,False,,False,ETHEREALIZE,ETHEREALIZE,420690000000.0,False,False,False
Ethereum AI,ADCBOT,0x12E5067AED909a6A5ddD96F4e545c652f6aEe74d,8413800000.0,0,0,False,0.0,False,False,False,0x93cdbb3d53b947f0514cb9268805bf1ba1dc83b0,0.0,0.0,True,,False,87.0,False,,False,False,True,True,False,True,False,,False,2.0,19.686026211503428,,,0x0000000000000000000000000000000000000000,0.0,0.0,0.0,False,False,,False,Ethereum AI,ADCBOT,420690000000.0,False,False,False
Ethereum Fartcoin,EFART,0x2dae38890a3F4fBFA496f6c72b67c44816FFf8EA,8413800000.0,0,0,False,0.0,False,False,False,0xb254b9e6fa4ef085225dde323ec550c296e13f8e,4206900000.0,0.01,True,,False,94.0,True,,False,False,True,True,False,True,False,,False,2.0,19.581033323090995,,,0x0000000000000000000000000000000000000000,0.0,1.0,0.0,False,False,,False,Ethereum Fartcoin,EFART,420690000000.0,False,False,False
Eye Of Grok,EOG,0x651562e7d6f9be521cef6930ee3ec8178095fb35,8413800000.0,0,0,False,0.0,False,False,False,0x972fdda7d5a4c6d81bfb9a90d53d8aeee7d75bfc,0.0,0.0,True,,False,144.0,False,,False,False,True,True,False,True,False,,False,2.0,19.686026211503428,,,0x0000000000000000000000000000000000000000,0.0,0.0,0.0,False,False,,False,Eye Of Grok,EOG,420690000000.0,False,False,False
FAFO,FAFO,0xfe9a07A26D90EEAFA4E96BdA72bAc59Df91A1Fe9,8413800000.0,0,0,False,0.0,False,False,False,0x48c9ad49defb6ef35f8a4b826b7934d4c1b2256d,0.0,0.0,True,,False,262.0,True,,False,False,True,True,False,True,False,,False,2.0,19.686026211503428,,,0x0000000000000000000000000000000000000000,0.0,1.0,0.0,False,False,,False,FAFO,FAFO,420690000000.0,False,False,False
Farting Unicorn by Elon Musk,FU,0xE600773D34A4360253fa4f898f507726B3e3D5bE,8413800000.0,0,0,False,0.0,False,False,False,0x9ec772ed625bf4e899638ea0e664903159bbd691,0.0,0.0,True,,False,196.0,False,,False,False,True,True,False,True,False,,False,2.0,19.686026211503428,,,0x0000000000000000000000000000000000000000,0.0,0.0,0.0,False,False,,False,Farting Unicorn by Elon Musk,FU,420690000000.0,False,False,False
Fatalismftw,FATAL,0x841a3083074b1a40b644bf2ba2491a731b6da277,190921322.238426,0,0,False,0.0,False,False,False,0x45807dc1ae12eae6f98223666da5fe8de96c8222,0.0,0.0,False,,False,2213.0,False,,False,False,False,True,False,True,False,,True,4.0,301.34231983785514,,,0x0000000000000000000000000000000000000000,0.0,0.0,0.0,False,False,0.0,False,Fatalismftw,FATAL,100000000000.0,False,False,False
Fatalismftw,Fatalismftw,0x6291bb44b6c3fb18418fb9b7f03683519ae81033,8413800000.0,0,0,False,0.0,False,False,False,0xa7b28488def11cef9ca3f599a2d06ea59d1503b7,0.0,0.0,True,,False,68.0,False,,False,False,True,True,False,True,False,,False,3.0,19.706193264134274,,,0x0000000000000000000000000000000000000000,0.0,0.0,0.0,False,False,,False,Fatalismftw,Fatalismftw,420690000000.0,False,False,False
Fate Loves Irony,IRONY,0xf69473a65AaF1f4d50D5Fc7F446073747872dC7e,250000000000.0,0,0,False,0.0,False,False,False,0x31f9a0e57b6020d4d7a3c4729de7a8dc62ed749f,4401794088546.145,0.440179,False,,False,23.0,False,,True,False,False,True,False,True,False,,True,1.0,1e-15,,,0x31f9a0e57b6020d4d7a3c4729de7a8dc62ed749f,4401794088546.145,0.0,0.440179,False,False,1.0,False,Fate Loves Irony,IRONY,10000000000000.0,True,False,False
FederalAgencyFinancialOversight,F.A.F.O,0xEaa60b4a6Dc04a82f0a43D3CecB07ffe1fdABf1f,8413800000.0,0,0,False,0.0,False,False,False,0x19660aeea9a914ca0647f5bf9df07d80374d0c94,0.0,0.0,True,,False,103.0,False,,False,False,True,True,False,True,False,,False,2.0,19.686026211503428,,,0x0000000000000000000000000000000000000000,0.0,0.0,0.0,False,False,,False,FederalAgencyFinancialOversight,F.A.F.O,420690000000.0,False,False,False
flatulencecoin,flatulence,0x8F14cDc0a219a7Efb57e8f41F7fA294cbc3633de,8413800000.0,0,0,False,0.0,False,False,False,0xf23fa546e1878f84803adf42400fa0eb904b2276,0.0,0.0,True,,False,103.0,False,,False,False,True,True,False,True,False,,False,2.0,19.686026211503428,,,0x0000000000000000000000000000000000000000,0.0,0.0,0.0,False,False,,False,flatulencecoin,flatulence,420690000000.0,False,False,False
FUCK TRUMP,FUCKTRUMP,0xD4C28884174c421D4972eecB912d311e19Ab86Cf,18400000.0,0,0,False,0.0,False,False,False,0x78817de48c3188ed74be6324935352fd5d1ebb25,0.0,0.0,True,,False,137.0,False,,False,False,True,True,False,True,False,,False,2.0,0.9720082304178294,,,0x0000000000000000000000000000000000000000,0.0,0.0,0.0,False,False,,False,FUCK TRUMP,FUCKTRUMP,1000000000.0,False,False,False
GAME COIN,GAME,0x0c1b0b010290509b79cAd5F6A669D7865947Be10,777777.0,0,0,False,0.0,False,False,False,0x571dfe5bd625d082435c33138eaa3e227b9865e1,0.0,0.0,False,,False,834.0,True,,False,False,False,True,False,True,False,,False,100.0,222681.31568636402,,,0x0000000000000000000000000000000000000000,0.0,0.0,0.0,False,False,0.0,False,GAME COIN,GAME,81210198625.33746,False,False,False
GameGPT,GMGPT,0xc7Ce31Fd173cB2b5F231CDadF7ac42E443565C49,8413800000.0,0,0,False,0.0,False,False,False,0x379c96e94d613ca27ab4864b5277215d4497b839,0.0,0.0,True,,False,227.0,True,,False,False,True,True,False,True,False,,False,2.0,31.12634045306322,,,0x0000000000000000000000000000000000000000,0.0,1.0,0.0,False,False,,False,GameGPT,GMGPT,420690000000.0,False,False,False
Gascoin,GAS,0x5B3524E59631C10eDB3ca022b980d81Ef2e34F2E,8413800000.0,0,0,False,0.0,False,False,False,0x8975fa79a442d49f56c226a0eff7d0b8e7f3b724,0.0,0.0,True,,False,183.0,True,,False,False,True,True,False,True,False,,False,2.0,19.686026211503428,,,0x0000000000000000000000000000000000000000,0.0,1.0,0.0,False,False,,False,Gascoin,GAS,420690000000.0,False,False,False
Gascoin,GAS,0xebc22191f8545da5443f784b493a8d5b15323783,8413800000.0,0,0,False,0.0,False,False,False,0xc7899675654190388d0af16d2987cfe13e4ca9ac,0.0,0.0,False,,False,81.0,False,,True,False,False,True,False,True,False,,False,2.0,13.883203175060142,,,0x0000000000000000000000000000000000000000,0.0,0.0,0.0,False,False,0.0,False,Gascoin,GAS,420690000000.0,False,False,False
Ginnan,GINNAN,0x50D7ee9708FEc39673c92e1AaE048EB3685eEA9b,100000000.0,0,0,False,0.0,False,False,False,0xbc8c019580cf751ce73372747201abcf18a8ed24,0.0,0.0,False,,False,1141.0,False,,False,True,False,True,False,True,False,,True,2.0,28.284271247461902,,,0x0000000000000000000000000000000000000000,0.0,0.0,0.0,False,False,0.0,False,Ginnan,GINNAN,1000000000000.0,False,False,False
GNOME,GNOME,0x170905ff05ff3ac17cf93f468582996e414eaadf,1000000.0,0,0,False,0.0,False,False,False,0xb06adbfb3bba2c05eefd532ff3af0d7566a0f3f9,0.0,0.0,False,,False,132.0,False,,False,False,False,False,False,True,False,,False,,,,,0xdd218bd2b591ce02782a1028dad9d314a5e1e7ea,0.0,0.0,0.0,False,False,0.0,False,GNOME,GNOME,1000000000.0,False,False,False
great liberation of america,GLOA,0x6B6F2076839FB594628FF2D71f1C845e885f460A,8413800000.0,0,0,False,0.0,False,False,False,0x0ccad517e76a278b3763c9cf9ffe39b91298323a,0.0,0.0,True,,False,124.0,False,,False,False,True,True,False,True,False,,False,2.0,19.686026211503428,,,0x0000000000000000000000000000000000000000,0.0,0.0,0.0,False,False,,False,great liberation of america,GLOA,420690000000.0,False,False,False
Grek,GREK,0xd7bfd0a9488f191e0aa87ca7577348ea7b4c2a7e,8413800000.0,0,0,False,0.0,False,False,False,0xae864f4d38771dab0726a5834c952dd67db4bfe0,0.0,0.0,False,,False,45.0,False,,True,False,False,True,False,True,False,,False,2.0,17.923138229673953,,,0x0000000000000000000000000000000000000000,0.0,0.0,0.0,False,False,0.0,False,Grek,GREK,420690000000.0,False,False,False
Grok 3,CHOCOLATE,0x5C647069370aC57d8c670025b21d3F2A0438bFD2,8413800000.0,0,0,False,0.0,False,False,False,0xa571764a753b0bc9169b7e5a51f1728460034bb2,0.0,0.0,True,,False,116.0,False,,False,False,True,True,False,True,False,,False,2.0,19.686026211503428,,,0x0000000000000000000000000000000000000000,0.0,0.0,0.0,False,False,,False,Grok 3,CHOCOLATE,420690000000.0,False,False,False
Grok Doge,GROGE,0xf8b446ec3196DD7363F5Dd4d723422776406359c,8413800000.0,0,0,False,0.0,False,False,False,0x17ba37462927b1d7cc2165279fa939122fc81e5f,0.0,0.0,False,,False,42.0,False,,True,False,False,True,False,True,False,,False,2.0,14.033296220061771,,,0x0000000000000000000000000000000000000000,0.0,0.0,0.0,False,False,0.0,False,Grok Doge,GROGE,420690000000.0,False,False,False
Gulf of America,GOA,0x6C6207cc015e67088d2cc7B5c92E6d5bd8911Eee,8413800000.0,0,0,False,0.0,False,False,False,0xf2342d612b59e4d029a4678a0d4127ddc4a9ee8b,0.0,0.0,True,,False,133.0,True,,False,False,True,True,False,True,False,,False,2.0,19.686026211503428,,,0x0000000000000000000000000000000000000000,0.0,1.0,0.0,False,False,,False,Gulf of America,GOA,420690000000.0,False,False,False
Harry Bolz,BOLZ,0xE441027B8e6697c50a5DEF21410E602BE5b25a74,8413800000.0,0,0,False,0.0,False,False,False,0xb6d818273346f78c9851f68963965be442f680ac,0.0,0.0,True,,False,235.0,True,,False,False,True,True,False,True,False,,False,2.0,19.686026211503428,,,0x0000000000000000000000000000000000000000,0.0,1.0,0.0,False,False,,False,Harry Bolz,BOLZ,420690000000.0,False,False,False
Harry Bolz,HARRY,0xecf429955109dE2C3bB4f4565488DD03a1eeaffe,8413800000.0,0,0,False,0.0,False,False,False,0xa2f8902fd4508cc072b369f573196d60c8c20eec,0.0,0.0,False,,False,148.0,True,,False,False,True,True,False,True,False,,False,2.0,19.686026211503428,,,0x0000000000000000000000000000000000000000,0.0,1.0,0.0,False,False,0.0,False,Harry Bolz,HARRY,420690000000.0,False,False,False
HarryPotterTrumpMuskPeterSchiff69Inu,USACOIN,0x69691341a703A1b5b5eDa168DAECfC157F80fC65,1000000.0,0,0,False,0.0,False,False,False,0x63e99a5f7fcdbc231209f9d75278eec2fa2124d7,1e+33,4.761904761904762e+25,False,,False,40.0,True,,True,False,True,True,True,True,False,,False,3.0,0.14140131894717248,,,0x0000000000000000000000000000000000000000,0.0,1.0,0.0,False,False,0.0,False,HarryPotterTrumpMuskPeterSchiff69Inu,USACOIN,21000000.0,False,False,False
HiJustin,HiJustin,0x4659551ad8cadf9257e3a03c3f7da4aab2286c0a,8413800000.0,0,0,False,0.0,False,False,False,0x702a67585d66eefbe4f653cb15af087bd2869cfb,0.0,0.0,True,,False,195.0,False,,False,False,True,True,False,True,False,,False,2.0,19.686026211503428,,,0x0000000000000000000000000000000000000000,0.0,0.0,0.0,False,False,,False,HiJustin,HiJustin,420690000000.0,False,False,False
Horia Serbanescu,HORIA,0x4b1797Dfd4D74be744E0aF8faC6877A65bb877e2,8413800000.0,0,0,False,0.0,False,False,False,0x43d36a2dd7c4d52f8984af974a97d927c14a8de1,0.0,0.0,True,,False,131.0,False,,False,False,True,True,False,True,False,,False,2.0,19.686026211503428,,,0x0000000000000000000000000000000000000000,0.0,0.0,0.0,False,False,,False,Horia Serbanescu,HORIA,420690000000.0,False,False,False
HU LE ZHI,HULEZHI,0x32A9989088f73B742259c48f7e1F83B68e6b5aB4,8413800000.0,0,0,False,0.0,False,False,False,0x2786677548b364f480bd0c829b091ceae38523fc,0.0,0.0,True,,False,218.0,False,,False,False,True,True,False,True,False,,False,2.0,19.686026211503428,,,0x0000000000000000000000000000000000000000,0.0,0.0,0.0,False,False,,False,HU LE ZHI,HULEZHI,420690000000.0,False,False,False
Hurricane,HURRICANE,0x8596Ad8046E52C69FF337C09a33d2ac4FF37Cb31,8413800000.0,0,0,False,0.0,False,False,False,0x01dc1cb3257267b5c1671be75fb33351698fe512,0.0,0.0,True,,False,206.0,False,,False,False,True,True,False,True,False,,False,2.0,19.686026211503428,,,0x0000000000000000000000000000000000000000,0.0,0.0,0.0,False,False,,False,Hurricane,HURRICANE,420690000000.0,False,False,False
Infinity AI,INFAI,0xcd675ffa55f4f8e68ec969eb26eaa06c1cdbb361,8413800000.0,0,0,False,0.0,False,False,False,0x20dedbd2ec44cc1f2ed7dd849d3b06d12ac2efa5,8413800000.0,0.02,True,,False,162.0,True,,False,False,True,True,False,True,False,,False,2.0,27.542480062623262,,,0x0000000000000000000000000000000000000000,0.0,1.0,0.0,False,False,,False,Infinity AI,INFAI,420690000000.0,False,False,False
JAIL WHY ARE YOU GAY?,JAILGAY,0x3581806019228d9fedA3b8ef77D91C993b194f24,8413800000.0,0,0,False,0.0,False,False,False,0xb597d298288400b6e005ef456166fab676277f54,0.0,0.0,True,,False,143.0,False,,False,False,True,True,False,True,False,,False,2.0,19.686026211503428,,,0x0000000000000000000000000000000000000000,0.0,0.0,0.0,False,False,,False,JAIL WHY ARE YOU GAY?,JAILGAY,420690000000.0,False,False,False
Janus Pro AI,JANUS,0x88De02A1be15D9353E228e325A0071D7f9aA2697,8413800000.0,0,0,False,0.0,False,False,False,0xe05e1fde3cb495c0979e63f46db7eca200b89fda,4206900000.0,0.01,True,,False,203.0,True,,False,False,True,True,False,True,False,,False,2.0,33.91534458029285,,,0x0000000000000000000000000000000000000000,0.0,1.0,0.0,False,False,,False,Janus Pro AI,JANUS,420690000000.0,False,False,False
Kaito AI,KAITO,0x593e3B41Da28787437Ff2872aAbfBAd81730eA38,8413800000.0,0,0,False,0.0,False,False,False,0x086de289563e6e6415c1058859802e29e962d96d,0.0,0.0,True,,False,222.0,False,,False,False,True,True,False,True,False,,False,2.0,24.233059464293813,,,0x0000000000000000000000000000000000000000,0.0,0.0,0.0,False,False,,False,Kaito AI,KAITO,420690000000.0,False,False,False
Kamosi ,KAMOSI,0x6Dc3905876E4BB2Af9c853C425673DD28069dC3d,8413800000.0,0,0,False,0.0,False,False,False,0x754542ac2922b121e54aae7346c7b208eb135553,0.0,0.0,True,,False,109.0,False,,False,False,True,True,False,True,False,,False,2.0,19.686026211503428,,,0x0000000000000000000000000000000000000000,0.0,0.0,0.0,False,False,,False,Kamosi ,KAMOSI,420690000000.0,False,False,False
Keep AI,KEEP,0x855701Ea0b3C3F96C19b296C8aB5F9Ac4F57eAF5,8413800000.0,0,0,False,0.0,False,False,False,0xc89d54a60172d9b33f87b782c10a6055398a115e,0.0,0.0,True,,False,341.0,True,,False,False,True,True,False,True,False,,False,2.0,19.686026211503428,,,0x0000000000000000000000000000000000000000,0.0,1.0,0.0,False,False,,False,Keep AI,KEEP,420690000000.0,False,False,False
Keyboard Cat,KEYCAT,0x708ffdaD623805Dd50b8cF9CbCee25c020221776,8413800000.0,0,0,False,0.0,False,False,False,0xda53a115f2d42d0c77135a7edd002ccc8bdf05cf,0.0,0.0,True,,False,221.0,False,,False,False,True,True,False,True,False,,False,2.0,19.78621019801417,,,0x0000000000000000000000000000000000000000,0.0,0.0,0.0,False,False,,False,Keyboard Cat,KEYCAT,420690000000.0,False,False,False
Leslie,LESLIE,0xcc9e0Bd9438Ca0056653D134de794abEAFF8C676,4700000.0,0,0,False,0.0,False,False,False,0xa5437cfb28b7bdb50ad5a68f6aa3860932e502f9,12991043.499772523,0.001299,False,,False,1035.0,False,,True,False,False,True,False,True,False,,True,2.0,2.8460498941515415,,,0x0000000000000000000000000000000000000000,0.0,0.0,0.0,False,False,0.0,False,Leslie,LESLIE,10000000000.0,False,False,False
LUSD Stablecoin from PulseChain,LUSD,0x7b30f30cd1d368bff6f8e81147f8520b6de87982,333366666666.0,0,0,False,0.0,False,False,False,0x4a34753ec089481093219aa559f87ba69f7988d9,997000000.0,0.000433,False,,False,48.0,False,,False,False,False,True,False,False,False,,False,3.0,2.559769961875298,,,,,,,False,False,0.0,False,LUSD Stablecoin from PulseChain,LUSD,2300420444960.328,False,False,False
Machinae Dei,DEI,0x84F21DB7B3bBd7354A3A744cB9aE75e4D902132E,7991.0,0,0,False,,False,False,False,0x9b96e3a387ddc3866307e27ca1c658730bb2fc53,1762288.0,0.5,False,,False,30.0,False,,False,False,False,False,False,True,False,,False,,,,,,0.0,0.0,0.0,False,False,,False,Machinae Dei,DEI,3524578.0,False,False,False
Machinae Dei,DEI,0x464A24058f3D192619d24C348f6f2f0f26CBDE13,7990732.0,0,0,False,0.0,False,False,False,0x9b96e3a387ddc3866307e27ca1c658730bb2fc53,0.0,0.0,False,,False,57.0,False,,False,False,False,True,False,True,False,,False,2.0,4.890153509454e-06,,,,0.0,0.0,0.0,False,False,0.0,False,Machinae Dei,DEI,3524578000.0,False,False,False
MAKE AMERICA MEME AGAIN,MAMA,0xe79a8Dc10FA8DC1A3c18b11525769e86c57d8a86,15066180.3072737,0,0,False,0.0,False,False,False,0xf361062755316c6c75662426609684cea5dbaf52,0.0,0.0,False,,False,78.0,False,,True,False,False,True,False,True,False,,True,2.0,0.8944271909999159,,,0x0000000000000000000000000000000000000000,0.0,0.0,0.0,False,False,0.0,True,MAKE AMERICA MEME AGAIN,MAMA,1000000000.0,False,False,False
